index,Country,2010,2011,2012,2013,2014,2015,2016,2017,Country_Code
0,Afghanistan,39.3,39.3,39.3,45.0,44.8,44.8,45.4,45.4,AFG
1,Albania,12.7,11.9,11.9,11.9,11.9,11.9,9.1,8.5,ALB
2,Algeria,0.0,0.0,0.0,0.0,0.0,0.0,33.7,33.7,DZA
3,Andorra,0.0,0.0,0.0,0.0,0.0,0.0,0.0,9.4,AND
4,Angola,26.2,0.0,34.6,34.6,34.6,34.6,34.3,34.3,AGO
5,Argentina,12.1,12.1,12.1,8.6,8.1,8.1,6.1,6.2,ARG
6,Armenia,6.5,6.5,3.7,3.7,3.7,3.7,2.9,2.9,ARM
7,Armenia,6.5,6.5,3.7,3.7,3.7,3.7,2.9,2.9,ARM
8,Armenia,6.5,6.5,3.7,3.7,3.7,3.7,2.9,2.9,ARM
9,Armenia,6.5,6.5,3.7,3.7,3.7,3.7,2.9,2.9,ARM
10,Australia,1.7,1.7,1.7,1.8,1.9,1.9,3.7,2.6,AUS
11,Austria,2.4,2.4,2.5,3.7,3.5,4.3,2.6,2.6,AUT
12,Azerbaijan,12.0,8.3,8.3,8.3,8.3,8.3,4.3,3.8,AZE
13,Azerbaijan,12.0,8.3,8.3,8.3,8.3,8.3,4.3,3.8,AZE
14,Azerbaijan,12.0,8.3,8.3,8.3,8.3,8.3,4.3,3.8,AZE
15,Azerbaijan,12.0,8.3,8.3,8.3,8.3,8.3,4.3,3.8,AZE
16,Bahamas,7.9,7.9,0.0,8.0,0.0,0.0,0.0,6.3,BHS
17,Bahrain,0.0,0.0,0.0,0.0,0.0,0.0,0.0,19.0,BHR
18,Bangladesh,44.8,39.4,39.4,37.8,38.6,37.3,37.3,37.3,BGD
19,Barbados,0.0,0.0,0.0,0.0,5.5,5.5,5.5,5.5,BRB
20,Belarus,8.0,5.4,5.4,4.8,3.7,3.7,3.7,3.7,BLR
21,Belgium,5.2,6.5,7.6,9.2,8.1,8.1,9.3,8.7,BEL
22,Belize,19.8,0.0,0.0,0.0,15.9,15.9,15.9,15.9,BLZ
23,Benin,44.1,42.0,42.0,42.0,44.8,44.8,44.8,43.7,BEN
24,Bhutan,0.0,44.8,12.2,13.3,44.8,44.8,44.8,41.7,BTN
25,Bolivia (Plurinational State of),28.7,27.6,27.6,27.6,24.7,20.8,20.6,20.0,BOL
26,Bosnia and Herzegovina,19.4,5.2,5.2,5.2,12.5,12.5,12.5,19.8,BIH
27,Botswana,0.0,0.0,0.0,32.1,32.1,32.1,32.1,0.0,BWA
28,Brazil,25.7,25.7,25.3,24.7,23.6,22.6,22.0,22.0,BRA
29,Bulgaria,8.1,5.9,6.1,5.8,5.5,5.5,6.7,6.5,BGR
30,Burkina Faso,37.3,37.3,36.2,38.5,38.6,38.6,35.7,39.2,BFA
31,Burundi,36.3,0.0,0.0,41.0,36.9,36.9,36.9,39.5,BDI
32,Cabo Verde,30.7,30.7,0.0,18.2,18.2,18.2,22.9,23.7,CPV
33,Cambodia,31.1,31.1,28.3,28.3,28.3,27.3,27.3,27.3,KHM
34,Cameroon,35.3,35.3,35.3,34.8,34.8,34.8,34.8,33.0,CMR
35,Canada,3.2,3.2,3.2,4.0,3.9,3.9,2.1,1.4,CAN
36,Central African Republic,45.9,45.9,45.9,45.9,34.5,34.5,34.5,34.5,CAF
37,Chad,37.8,43.4,43.4,43.4,41.9,41.9,43.0,43.0,TCD
38,Chile,13.3,13.7,13.7,13.7,12.6,8.2,8.2,7.5,CHL
39,China,23.2,23.2,23.2,0.0,0.0,0.0,0.0,11.5,CHN
40,Colombia,23.9,22.8,21.5,22.1,21.3,17.4,17.1,19.4,COL
41,Comoros,47.4,47.4,47.4,47.4,47.6,47.6,47.6,47.6,COM
42,Congo,30.0,25.4,25.4,25.4,21.5,21.5,21.5,21.5,COG
43,Congo,30.0,25.4,25.4,25.4,21.5,21.5,21.5,21.5,COD
44,Congo,30.0,25.4,25.4,25.4,21.5,21.5,21.5,21.5,COD
45,Congo (Democratic Republic of the),29.1,31.2,31.2,29.4,27.7,27.7,27.7,26.3,COD
46,Congo (Democratic Republic of the),29.1,31.2,31.2,29.4,27.7,27.7,27.7,26.3,COD
47,Costa Rica,17.7,17.7,15.7,15.7,15.5,12.4,12.3,11.9,CRI
48,Croatia,10.4,10.4,10.4,10.4,4.3,4.4,5.0,5.0,HRV
49,Cuba,0.0,0.0,0.0,11.0,11.3,10.9,10.9,10.9,CUB
50,Cyprus,15.7,15.0,16.3,14.0,13.1,12.4,12.7,11.7,CYP
51,Cyprus,15.7,15.0,16.3,14.0,13.1,12.4,12.7,11.7,CYP
52,Cyprus,15.7,15.0,16.3,14.0,13.1,12.4,12.7,11.7,CYP
53,Cyprus,15.7,15.0,16.3,14.0,13.1,12.4,12.7,11.7,CYP
54,Czechia,1.3,1.3,1.3,1.4,1.4,1.4,1.6,1.6,CZE
55,C么te d'Ivoire,44.8,43.2,43.2,45.4,45.1,45.1,45.1,47.4,CIV
56,Denmark,3.0,3.1,3.1,3.1,3.0,3.0,4.3,4.3,DNK
57,Djibouti,47.0,47.0,47.0,47.0,47.0,47.0,47.0,47.0,DJI
58,Dominican Republic,22.2,26.8,26.8,24.0,22.9,19.9,21.1,19.1,DOM
59,Dominican Republic,22.2,26.8,26.8,24.0,22.9,19.9,21.1,19.1,DOM
60,Dominican Republic,22.2,26.8,26.8,24.0,22.9,19.9,21.1,19.1,DOM
61,Ecuador,21.8,22.1,22.1,21.6,21.1,15.5,14.2,13.8,ECU
62,Egypt,43.6,40.9,40.9,40.9,40.9,35.0,36.9,36.9,EGY
63,El Salvador,32.5,32.4,32.4,30.2,30.2,26.6,30.3,30.3,SLV
64,Equatorial Guinea,29.2,29.2,0.0,0.0,0.0,0.0,0.0,0.0,GNQ
65,Estonia,3.1,2.7,2.6,2.5,2.4,2.3,2.4,2.3,EST
66,Eswatini (Kingdom of),38.3,29.8,29.8,26.8,26.8,26.8,24.1,24.1,SWZ
67,Ethiopia,38.2,38.2,38.3,44.3,44.3,36.6,36.6,43.5,GNB
68,Ethiopia,38.2,38.2,38.3,44.3,44.3,36.6,36.6,43.5,GNB
69,Ethiopia,38.2,38.2,38.3,44.3,44.3,36.6,36.6,43.5,GNB
70,Fiji,11.0,0.0,0.0,10.5,10.5,10.5,0.0,0.0,HKG
71,Fiji,11.0,0.0,0.0,10.5,10.5,10.5,0.0,0.0,HKG
72,Finland,4.7,2.1,2.4,2.1,2.1,2.0,2.0,1.9,IRN
73,Finland,4.7,2.1,2.4,2.1,2.1,2.0,2.0,1.9,IRN
74,France,9.1,9.1,9.4,8.6,8.0,7.5,8.6,8.6,IRQ
75,France,9.1,9.1,9.4,8.6,8.0,7.5,8.6,8.6,IRQ
76,France,9.1,9.1,9.4,8.6,8.0,7.5,8.6,8.6,IRQ
77,Gabon,7.3,7.3,7.3,23.5,23.5,23.5,23.5,23.5,GAB
78,Gambia,44.7,0.0,0.0,0.0,0.0,0.0,49.3,49.3,GMB
79,Georgia,4.9,3.3,3.3,3.3,3.3,2.2,2.2,2.2,GEO
80,Georgia,4.9,3.3,3.3,3.3,3.3,2.2,2.2,2.2,GEO
81,Georgia,4.9,3.3,3.3,3.3,3.3,2.2,2.2,2.2,GEO
82,Georgia,4.9,3.3,3.3,3.3,3.3,2.2,2.2,2.2,GEO
83,Germany,2.3,1.8,1.8,2.4,2.4,2.6,2.6,2.7,DEU
84,Ghana,7.5,40.9,40.9,35.6,36.7,34.9,34.9,34.9,GHA
85,Greece,5.8,14.3,11.3,11.3,11.6,11.7,14.2,13.1,GRC
86,Guatemala,36.1,36.1,36.1,36.1,36.2,36.2,35.0,35.0,GTM
87,Guinea,42.6,42.0,42.0,42.0,48.3,48.3,48.3,48.3,GIN
88,Guinea,42.6,42.0,42.0,42.0,48.3,48.3,48.3,48.3,GNB
89,Guinea,42.6,42.0,42.0,42.0,48.3,48.3,48.3,48.3,GNB
90,Guinea,42.6,42.0,42.0,42.0,48.3,48.3,48.3,48.3,GNB
91,Guinea-Bissau,40.3,40.3,40.3,40.3,40.3,40.3,41.9,41.9,GNB
92,Guinea-Bissau,40.3,40.3,40.3,40.3,40.3,40.3,41.9,41.9,GNB
93,Guinea-Bissau,40.3,40.3,40.3,40.3,40.3,40.3,41.9,41.9,GNB
94,Guyana,9.6,11.7,10.5,10.5,10.5,10.5,10.7,10.7,GUY
95,Haiti,40.7,40.7,40.7,40.4,38.3,38.3,38.3,38.3,HTI
96,Honduras,31.0,31.8,28.2,29.6,26.4,24.4,23.0,22.7,HND
97,"Hong Kong, China (SAR)",0.0,0.0,0.0,0.0,0.0,0.0,11.1,10.2,0
98,Hungary,4.1,4.0,4.1,3.5,3.2,3.1,3.0,3.2,HUN
99,Iceland,2.6,2.6,2.5,2.5,2.4,2.5,2.6,2.6,ISL
100,India,40.6,40.6,42.4,42.1,42.1,39.4,39.4,38.7,IND
101,Indonesia,21.4,20.4,20.4,23.2,20.8,20.8,20.8,16.5,IDN
102,Iran (Islamic Republic of),0.0,0.0,0.0,37.3,37.3,37.3,0.0,4.9,IRN
103,Iran (Islamic Republic of),0.0,0.0,0.0,37.3,37.3,37.3,0.0,4.9,IRN
104,Iraq,0.0,0.0,33.0,29.8,30.6,30.6,29.8,27.2,IRQ
105,Iraq,0.0,0.0,33.0,29.8,30.6,30.6,29.8,27.2,IRQ
106,Iraq,0.0,0.0,33.0,29.8,30.6,30.6,29.8,27.2,IRQ
107,Iraq,0.0,0.0,33.0,29.8,30.6,30.6,29.8,27.2,IRQ
108,Iraq,0.0,0.0,33.0,29.8,30.6,30.6,29.8,27.2,IRQ
109,Iraq,0.0,0.0,33.0,29.8,30.6,30.6,29.8,27.2,IRQ
110,Ireland,3.2,3.2,3.2,5.2,5.4,3.0,2.9,2.9,IRL
111,Israel,7.9,7.9,7.9,7.9,9.9,8.4,8.4,7.0,ISR
112,Italy,11.8,11.4,13.1,11.7,10.6,9.9,11.5,10.5,ITA
113,Jamaica,8.3,8.3,10.6,10.6,5.6,5.6,5.6,5.6,JAM
114,Japan,0.0,0.0,0.0,19.8,19.8,19.8,19.8,1.6,JPN
115,Jordan,25.1,22.4,22.4,22.4,16.9,16.9,16.9,16.9,JOR
116,Kazakhstan,5.3,5.3,6.9,5.9,5.9,5.9,3.2,3.2,KAZ
117,Kazakhstan,5.3,5.3,6.9,5.9,5.9,5.9,3.2,3.2,KAZ
118,Kazakhstan,5.3,5.3,6.9,5.9,5.9,5.9,3.2,3.2,KAZ
119,Kazakhstan,5.3,5.3,6.9,5.9,5.9,5.9,3.2,3.2,KAZ
120,Kenya,29.2,30.7,30.7,30.7,26.0,22.9,22.9,22.9,KEN
121,Kiribati,0.0,0.0,0.0,21.4,21.4,21.4,21.4,21.4,KIR
122,Korea (Republic of),25.5,25.5,25.5,28.1,25.5,25.5,18.5,18.5,KOR
123,Kuwait,0.0,0.0,0.0,0.0,0.0,0.0,17.2,17.8,KWT
124,Kyrgyzstan,11.1,11.1,6.5,6.6,5.0,5.0,5.0,5.0,KGZ
125,Lao People's Democratic Republic,30.5,30.5,31.2,34.1,34.1,34.1,34.1,34.1,LAO
126,Latvia,3.3,3.8,3.6,3.6,3.5,3.8,3.7,3.7,LVA
127,Lebanon,0.0,24.1,24.1,24.1,24.1,24.1,6.2,6.2,LBN
128,Lesotho,24.9,24.3,24.3,24.3,24.3,24.3,21.9,21.9,LSO
129,Liberia,46.4,46.4,46.4,46.4,46.4,42.9,42.9,42.9,LBR
130,Lithuania,4.3,4.1,5.0,6.1,5.9,5.6,5.4,4.5,LTU
131,Luxembourg,6.2,6.2,6.3,6.0,6.0,5.8,8.1,9.4,LUX
132,Madagascar,30.8,30.1,30.1,30.1,35.0,35.0,35.0,35.0,MDG
133,Malawi,34.7,34.7,30.2,30.2,30.2,28.2,28.4,28.4,MWI
134,Malaysia,0.0,0.0,0.0,0.0,0.0,0.0,0.0,15.6,MYS
135,Maldives,11.5,41.2,41.2,41.2,40.0,40.0,40.0,40.0,MDV
136,Mali,36.9,36.9,36.9,36.9,41.6,41.6,41.6,46.2,MLI
137,Malta,0.0,0.0,5.5,5.7,7.3,6.0,6.7,6.9,MLT
138,Mauritania,43.2,43.2,42.1,45.9,40.8,40.8,40.8,40.8,MRT
139,Mauritius,0.0,13.5,13.5,13.2,13.2,13.2,13.2,13.2,MUS
140,Mexico,17.9,21.9,21.9,21.4,19.7,19.7,17.1,17.1,MEX
141,Micronesia (Federated States of),22.4,22.4,0.0,0.0,0.0,0.0,0.0,0.0,FSM
142,Moldova (Republic of),7.5,6.1,6.1,6.1,7.3,7.3,7.3,7.3,MDA
143,Mongolia,5.8,5.8,8.9,5.2,9.4,9.4,11.9,11.9,MNG
144,Montenegro,9.6,2.5,2.5,2.5,7.4,7.4,7.4,7.4,MNE
145,Morocco,42.7,45.8,45.8,45.8,45.8,45.8,0.0,0.0,MAR
146,Mozambique,28.2,18.2,18.2,18.2,33.8,33.8,33.8,33.8,MOZ
147,Myanmar,0.0,0.0,0.0,19.4,19.4,19.4,26.9,26.9,MMR
148,Namibia,27.8,27.8,27.8,27.8,27.8,25.0,25.0,25.0,NAM
149,Nepal,43.3,43.6,43.6,44.0,41.4,43.9,43.9,40.9,NPL
150,Netherlands,4.0,3.9,3.9,4.1,4.1,4.2,4.6,5.3,NLD
151,New Zealand,0.0,0.0,0.0,0.0,0.0,0.0,2.5,1.7,NZL
152,Nicaragua,33.3,33.3,33.3,33.3,29.5,29.5,25.7,25.7,NIC
153,Niger,31.3,39.5,39.5,39.5,35.0,35.0,35.0,35.0,NER
154,Nigeria,46.0,44.2,45.2,45.2,43.3,43.3,43.8,38.1,NGA
155,Norway,2.4,2.2,2.2,2.4,2.3,2.4,5.3,6.1,NOR
156,Pakistan,46.4,46.4,45.2,45.2,44.4,44.4,44.4,46.2,PAK
157,Palau,0.0,0.0,0.0,12.0,12.0,12.0,12.0,1.9,PLW
158,"Palestine, State of",0.0,0.0,0.0,6.9,16.5,16.5,13.3,14.1,0
159,Panama,9.9,17.8,17.8,16.3,16.6,13.6,13.1,12.5,PAN
160,Papua New Guinea,0.0,0.0,0.0,11.5,11.5,11.5,11.5,11.5,PNG
161,Paraguay,19.8,19.8,0.0,17.2,16.2,14.0,13.8,16.7,PRY
162,Peru,30.2,24.0,24.6,25.6,23.3,20.3,16.1,15.3,PER
163,Philippines,12.9,13.5,13.5,13.5,11.6,11.6,11.6,11.6,PHL
164,Poland,7.1,6.6,6.3,5.6,5.6,5.4,5.4,4.7,POL
165,Portugal,5.7,5.6,5.6,5.7,5.9,5.9,17.5,16.3,PRT
166,Qatar,0.0,0.0,0.0,0.0,0.0,0.0,11.9,11.4,QAT
167,Romania,13.1,5.0,5.0,5.0,4.7,4.6,6.0,6.3,ROU
168,Russian Federation,11.2,11.2,0.0,2.1,2.3,2.2,2.2,2.2,RUS
169,Russian Federation,11.2,11.2,0.0,2.1,2.3,2.2,2.2,2.2,RUS
170,Russian Federation,11.2,11.2,0.0,2.1,2.3,2.2,2.2,2.2,RUS
171,Russian Federation,11.2,11.2,0.0,2.1,2.3,2.2,2.2,2.2,RUS
172,Rwanda,30.7,30.7,29.4,29.4,29.4,29.3,29.3,29.3,RWA
173,Saint Lucia,0.0,0.0,0.0,0.0,9.2,9.2,9.2,12.6,LCA
174,Samoa,0.0,0.0,0.0,0.0,0.0,0.0,0.0,4.9,WSM
175,Sao Tome and Principe,22.7,19.1,20.0,20.0,21.4,21.4,18.3,18.3,STP
176,Saudi Arabia,0.0,0.0,0.0,0.0,0.0,0.0,16.4,16.2,SAU
177,Senegal,47.3,45.1,44.6,44.6,44.7,44.7,45.3,46.5,SEN
178,Serbia,11.1,9.9,9.9,10.7,8.1,8.1,9.3,8.1,SRB
179,Sierra Leone,48.2,47.4,47.4,48.7,49.6,47.3,47.3,47.3,SLE
180,Singapore,0.0,0.0,0.0,0.0,0.0,0.0,8.8,8.2,SGP
181,Slovakia,1.7,1.6,1.5,1.5,1.5,1.4,1.6,1.4,SVK
182,Slovenia,4.0,3.1,3.3,2.7,2.6,2.6,2.2,2.2,SVN
183,Solomon Islands,30.2,0.0,0.0,22.8,22.8,22.8,0.0,0.0,SLB
184,Somalia,0.0,0.0,0.0,0.0,43.5,43.5,0.0,0.0,SOM
185,South Africa,20.8,20.8,20.8,18.1,16.1,13.8,14.3,14.3,ZAF
186,South Sudan,0.0,0.0,0.0,0.0,39.6,39.6,39.6,39.6,SSD
187,Spain,5.7,5.5,5.5,5.4,5.2,5.1,19.2,18.6,ESP
188,Sri Lanka,17.9,17.9,14.6,14.6,12.8,12.8,12.8,12.8,LKA
189,Sudan,0.0,0.0,0.0,0.0,42.7,42.7,42.5,42.5,SDN
190,Suriname,20.1,20.1,20.1,19.5,19.0,19.0,15.2,15.6,SUR
191,Sweden,3.6,3.9,3.8,3.6,3.5,3.4,3.5,3.7,SWE
192,Switzerland,2.0,2.0,2.0,5.8,5.7,5.7,2.4,2.4,CHE
193,Syrian Arab Republic,31.5,31.5,31.5,31.5,31.5,31.5,31.5,0.0,SYR
194,Tajikistan,9.4,9.4,12.2,12.2,6.5,6.5,6.5,6.5,TJK
195,Tanzania (United Republic of),28.7,32.8,28.3,29.5,28.5,28.5,27.0,27.0,TZA
196,Thailand,18.0,18.0,18.0,16.1,16.1,16.1,16.6,13.3,THA
197,The former Yugoslav Republic of Macedonia,17.5,17.5,12.3,10.6,10.6,10.6,10.5,10.5,0
198,Timor-Leste,44.3,47.4,47.6,47.6,47.6,47.6,47.6,44.9,TLS
199,Togo,41.5,41.5,41.5,37.6,38.9,38.9,38.9,38.9,TGO
200,Tonga,5.1,0.0,0.0,0.0,0.0,0.0,0.0,4.5,TON
201,Trinidad and Tobago,6.6,6.6,6.6,6.6,6.6,6.6,6.6,0.0,TTO
202,Tunisia,38.7,38.7,0.0,0.0,34.6,34.6,34.6,34.6,TUN
203,Turkey,27.4,27.4,27.4,14.1,14.2,14.2,14.2,13.5,TUR
204,Turkey,27.4,27.4,27.4,14.1,14.2,14.2,14.2,13.5,TUR
205,Turkey,27.4,27.4,27.4,14.1,14.2,14.2,14.2,13.5,TUR
206,Turkey,27.4,27.4,27.4,14.1,14.2,14.2,14.2,13.5,TUR
207,Turkmenistan,10.2,0.0,0.0,0.0,0.0,0.0,3.6,3.6,TKM
208,Tuvalu,0.0,0.0,0.0,10.5,10.5,10.5,10.5,10.5,TUV
209,Uganda,28.2,32.2,32.2,31.2,29.4,29.4,29.4,27.9,UGA
210,Ukraine,2.8,6.1,6.1,6.1,3.6,3.6,3.6,3.6,UKR
211,United Kingdom,2.1,2.2,2.6,2.6,2.8,2.8,8.7,3.7,GBR
212,United States,3.2,3.7,5.3,6.7,5.3,5.6,5.6,5.5,USA
213,Uruguay,10.8,10.8,10.8,10.9,9.2,10.4,7.4,7.4,URY
214,Uzbekistan,1.4,1.4,1.4,1.4,1.4,1.4,1.3,0.8,UZB
215,Vanuatu,0.0,0.0,0.0,0.0,17.5,17.5,17.5,17.5,VUT
216,Venezuela (Bolivarian Republic of),17.0,18.1,18.1,17.6,17.6,17.6,14.5,12.9,VEN
217,Viet Nam,17.1,17.1,17.1,18.0,18.0,17.6,17.6,17.6,VNM
218,Yemen,49.8,49.8,49.8,47.2,48.1,48.1,46.1,46.1,YEM
219,Zambia,24.2,23.8,23.8,23.8,21.7,21.7,21.7,21.7,ZMB
220,Zimbabwe,20.1,20.1,17.8,17.8,17.4,17.4,16.8,16.8,ZWE
221,Antigua and Barbuda,0.0,0.0,0.0,0.0,0.0,0.0,0.0,0.0,ATG
222,Brunei Darussalam,0.0,0.0,0.0,0.0,0.0,0.0,0.0,0.0,BRN
223,Dominica,0.0,0.0,0.0,0.0,0.0,0.0,0.0,0.0,DMA
224,Eritrea,0.0,0.0,0.0,0.0,0.0,0.0,0.0,0.0,ERI
225,Grenada,0.0,0.0,0.0,0.0,0.0,0.0,0.0,0.0,GRD
226,Korea (Democratic People's Rep. of),0.0,0.0,0.0,0.0,0.0,0.0,0.0,0.0,PRK
227,Libya,0.0,0.0,0.0,0.0,0.0,0.0,0.0,0.0,LBY
228,Liechtenstein,0.0,0.0,0.0,0.0,0.0,0.0,0.0,0.0,LIE
229,Marshall Islands,0.0,0.0,0.0,0.0,0.0,0.0,0.0,0.0,MHL
230,Monaco,0.0,0.0,0.0,0.0,0.0,0.0,0.0,0.0,MCO
231,Nauru,0.0,0.0,0.0,0.0,0.0,0.0,0.0,0.0,NRU
232,Oman,0.0,0.0,0.0,0.0,0.0,0.0,0.0,0.0,OMN
233,Saint Kitts and Nevis,0.0,0.0,0.0,0.0,0.0,0.0,0.0,0.0,KNA
234,Saint Vincent and the Grenadines,0.0,0.0,0.0,0.0,0.0,0.0,0.0,0.0,VCT
235,San Marino,0.0,0.0,0.0,0.0,0.0,0.0,0.0,0.0,SMR
236,Seychelles,0.0,0.0,0.0,0.0,0.0,0.0,0.0,0.0,SYC
237,United Arab Emirates,0.0,0.0,0.0,0.0,0.0,0.0,0.0,0.0,ARE
0,Afghanistan,0.0,0.0,0.0,10.8,10.8,10.8,10.8,10.8,AFG
1,Albania,14.4,18.3,18.3,18.3,18.3,18.3,18.3,12.2,ALB
2,Algeria,0.0,0.0,0.0,0.0,0.0,0.0,0.0,11.4,DZA
3,Angola,36.4,50.0,50.0,50.0,28.9,28.9,28.9,28.9,AGO
4,Argentina,34.4,34.4,34.4,28.1,26.3,27.4,26.5,25.8,ARG
5,Armenia,10.8,10.8,13.9,14.3,13.9,13.9,13.9,17.4,ARM
6,Armenia,10.8,10.8,13.9,14.3,13.9,13.9,13.9,17.4,ARM
7,Armenia,10.8,10.8,13.9,14.3,13.9,13.9,13.9,17.4,ARM
8,Armenia,10.8,10.8,13.9,14.3,13.9,13.9,13.9,17.4,ARM
9,Australia,16.6,16.6,16.6,16.6,17.7,17.7,17.7,17.7,AUS
10,Austria,15.1,15.1,12.7,13.8,15.5,17.5,16.5,17.7,AUT
11,Azerbaijan,4.4,4.5,4.5,4.5,8.9,8.9,8.9,8.9,AZE
12,Azerbaijan,4.4,4.5,4.5,4.5,8.9,8.9,8.9,8.9,AZE
13,Azerbaijan,4.4,4.5,4.5,4.5,8.9,8.9,8.9,8.9,AZE
14,Azerbaijan,4.4,4.5,4.5,4.5,8.9,8.9,8.9,8.9,AZE
15,Bahamas,24.5,24.5,0.0,24.5,0.0,0.0,0.0,0.0,BHS
16,Bangladesh,14.8,17.7,17.7,28.3,28.3,28.3,28.3,15.7,BGD
17,Barbados,16.1,0.0,0.0,0.0,0.0,0.0,0.0,33.6,BRB
18,Belarus,11.1,12.1,12.1,11.1,10.8,9.7,10.8,10.8,BLR
19,Belgium,15.1,11.7,11.9,12.3,11.6,12.7,13.6,13.7,BEL
20,Belize,48.5,0.0,0.0,37.9,37.9,37.9,37.9,37.9,BLZ
21,Benin,19.2,23.6,23.6,23.6,29.4,29.4,29.4,30.3,BEN
22,Bhutan,0.0,0.0,23.1,25.1,19.6,19.6,19.6,19.6,BTN
23,Bolivia (Plurinational State of),54.2,47.2,47.4,36.1,36.1,36.4,33.5,31.8,BOL
24,Bosnia and Herzegovina,31.1,19.3,19.2,19.2,20.2,20.2,20.2,20.2,BIH
25,Botswana,0.0,0.0,0.0,55.5,55.5,55.5,55.5,0.0,BWA
26,Brazil,37.6,40.7,39.7,39.7,38.7,37.8,38.0,36.7,BRA
27,Bulgaria,16.1,19.9,15.4,18.8,17.8,18.2,21.8,23.6,BGR
28,Burkina Faso,25.3,25.3,23.4,24.2,24.2,24.2,24.2,24.2,BFA
29,Burundi,24.9,0.0,0.0,13.2,14.1,14.1,14.1,20.9,BDI
30,Cabo Verde,0.0,0.0,0.0,28.0,28.0,28.0,28.0,0.0,CPV
31,Cambodia,21.4,21.4,20.3,20.3,20.3,20.3,14.3,14.3,KHM
32,Cameroon,19.9,19.9,19.9,23.1,23.1,23.1,23.1,35.9,CMR
33,Canada,17.1,17.1,17.1,13.9,17.4,17.4,17.4,17.4,CAN
34,Central African Republic,28.1,28.1,28.1,28.1,49.2,49.2,49.2,49.2,CAF
35,Chad,20.8,21.0,21.0,21.0,30.7,30.7,28.4,28.4,TCD
36,Chile,34.1,34.1,34.1,36.0,36.0,35.5,32.6,31.1,CHL
37,China,29.5,29.5,29.5,29.5,29.5,29.5,29.5,23.3,CHN
38,Colombia,43.6,53.9,44.5,41.5,37.4,39.4,37.5,36.2,COL
39,Comoros,54.0,0.0,0.0,0.0,56.0,56.0,56.0,56.0,COM
40,Congo,22.0,30.3,30.3,30.3,21.2,21.2,21.2,21.2,COG
41,Congo,22.0,30.3,30.3,30.3,21.2,21.2,21.2,21.2,COD
42,Congo,22.0,30.3,30.3,30.3,21.2,21.2,21.2,21.2,COD
43,Congo (Democratic Republic of the),22.1,36.8,36.8,31.2,28.2,28.2,28.2,28.2,COD
44,Congo (Democratic Republic of the),22.1,36.8,36.8,31.2,28.2,28.2,28.2,28.2,COD
45,Costa Rica,33.7,33.7,37.9,34.3,34.3,34.1,33.7,32.4,CRI
46,Croatia,27.8,27.8,27.8,17.6,17.2,17.7,17.7,17.3,HRV
47,Cyprus,13.8,10.9,13.6,14.9,15.0,15.9,22.9,18.7,CYP
48,Cyprus,13.8,10.9,13.6,14.9,15.0,15.9,22.9,18.7,CYP
49,Cyprus,13.8,10.9,13.6,14.9,15.0,15.9,22.9,18.7,CYP
50,Cyprus,13.8,10.9,13.6,14.9,15.0,15.9,22.9,18.7,CYP
51,Czechia,12.2,9.6,10.7,11.3,11.0,11.1,11.3,10.8,CZE
52,C么te d'Ivoire,20.5,34.4,34.4,28.1,27.4,27.4,27.4,27.4,CIV
53,Denmark,11.3,10.2,11.0,13.3,14.4,14.3,15.3,14.4,DNK
54,Djibouti,21.3,21.3,21.7,21.7,21.7,21.7,21.7,27.7,DJI
55,Dominican Republic,32.6,33.8,37.6,29.3,30.3,28.1,29.4,28.1,DOM
56,Dominican Republic,32.6,33.8,37.6,29.3,30.3,28.1,29.4,28.1,DOM
57,Dominican Republic,32.6,33.8,37.6,29.3,30.3,28.1,29.4,28.1,DOM
58,Ecuador,23.4,38.8,38.8,32.1,30.9,30.1,31.9,30.5,ECU
59,Egypt,15.9,14.2,14.2,14.2,14.2,36.3,36.3,36.3,EGY
60,El Salvador,32.7,31.1,31.1,34.0,34.0,25.7,24.5,23.2,SLV
61,Estonia,17.7,14.5,17.7,17.4,18.6,18.7,21.4,18.9,EST
62,Eswatini (Kingdom of),32.3,40.9,40.9,37.6,37.6,37.6,37.9,37.9,SWZ
63,Ethiopia,20.8,20.8,20.8,9.5,9.5,9.5,9.5,13.4,GNB
64,Ethiopia,20.8,20.8,20.8,9.5,9.5,9.5,9.5,13.4,GNB
65,Ethiopia,20.8,20.8,20.8,9.5,9.5,9.5,9.5,13.4,GNB
66,Fiji,0.0,0.0,0.0,22.6,22.6,22.6,22.6,0.0,HKG
67,Fiji,0.0,0.0,0.0,22.6,22.6,22.6,22.6,0.0,HKG
68,Finland,13.4,10.6,11.3,10.8,10.8,11.6,20.4,11.7,IRN
69,Finland,13.4,10.6,11.3,10.8,10.8,11.6,20.4,11.7,IRN
70,France,13.9,13.9,13.3,14.2,13.9,16.3,24.1,18.1,IRQ
71,France,13.9,13.9,13.3,14.2,13.9,16.3,24.1,18.1,IRQ
72,France,13.9,13.9,13.3,14.2,13.9,16.3,24.1,18.1,IRQ
73,Gabon,22.1,22.1,22.1,20.4,20.4,20.4,20.4,20.4,GAB
74,Gambia,33.3,0.0,0.0,26.9,26.9,26.9,31.5,31.5,GMB
75,Georgia,25.9,22.7,25.9,25.9,23.4,24.1,24.1,25.7,GEO
76,Georgia,25.9,22.7,25.9,25.9,23.4,24.1,24.1,25.7,GEO
77,Georgia,25.9,22.7,25.9,25.9,23.4,24.1,24.1,25.7,GEO
78,Georgia,25.9,22.7,25.9,25.9,23.4,24.1,24.1,25.7,GEO
79,Germany,16.7,14.5,14.5,14.8,14.1,14.8,19.3,17.7,DEU
80,Ghana,25.4,27.2,27.2,27.2,31.7,31.7,25.3,25.3,GHA
81,Greece,19.9,17.1,18.1,16.2,20.6,21.1,21.0,22.8,GRC
82,Guatemala,42.5,38.5,42.5,42.5,33.1,34.1,34.1,32.2,GTM
83,Guinea,26.8,31.1,31.1,31.1,17.1,17.1,17.1,17.1,GIN
84,Guinea,26.8,31.1,31.1,31.1,17.1,17.1,17.1,17.1,GNB
85,Guinea,26.8,31.1,31.1,31.1,17.1,17.1,17.1,17.1,GNB
86,Guinea,26.8,31.1,31.1,31.1,17.1,17.1,17.1,17.1,GNB
87,Guinea-Bissau,32.5,32.5,32.5,32.5,32.5,32.5,37.9,37.9,GNB
88,Guinea-Bissau,32.5,32.5,32.5,32.5,32.5,32.5,37.9,37.9,GNB
89,Guinea-Bissau,32.5,32.5,32.5,32.5,32.5,32.5,37.9,37.9,GNB
90,Guyana,20.3,32.1,24.4,24.4,24.4,24.4,25.1,25.1,GUY
91,Haiti,47.9,47.9,47.9,48.4,48.4,48.4,48.4,48.4,HTI
92,Honduras,39.7,43.4,35.8,46.8,48.6,41.5,36.3,34.9,HND
93,"Hong Kong, China (SAR)",0.0,0.0,0.0,0.0,0.0,0.0,0.0,25.6,0
94,Hungary,14.7,11.2,12.2,13.1,12.6,14.6,15.5,15.2,HUN
95,Iceland,13.4,11.8,13.2,11.6,12.2,11.7,12.8,12.8,ISL
96,India,14.7,14.7,15.8,16.1,16.1,16.1,21.0,18.8,IND
97,Indonesia,14.8,17.7,17.7,17.7,17.3,17.3,17.3,24.9,IDN
98,Iran (Islamic Republic of),0.0,0.0,0.0,46.6,46.6,46.6,46.6,19.7,IRN
99,Iran (Islamic Republic of),0.0,0.0,0.0,46.6,46.6,46.6,46.6,19.7,IRN
100,Iraq,0.0,0.0,0.0,16.1,16.1,16.1,16.1,16.1,IRQ
101,Iraq,0.0,0.0,0.0,16.1,16.1,16.1,16.1,16.1,IRQ
102,Iraq,0.0,0.0,0.0,16.1,16.1,16.1,16.1,16.1,IRQ
103,Iraq,0.0,0.0,0.0,16.1,16.1,16.1,16.1,16.1,IRQ
104,Iraq,0.0,0.0,0.0,16.1,16.1,16.1,16.1,16.1,IRQ
105,Iraq,0.0,0.0,0.0,16.1,16.1,16.1,16.1,16.1,IRQ
106,Ireland,18.8,13.8,13.8,13.3,16.3,16.3,20.1,20.1,IRL
107,Israel,23.7,23.7,23.7,19.6,25.0,26.4,26.4,26.4,ISR
108,Italy,19.4,16.8,18.1,19.8,19.8,20.8,22.5,22.5,ITA
109,Jamaica,24.1,24.1,30.1,30.1,30.1,30.1,32.0,32.0,JAM
110,Japan,0.0,0.0,0.0,13.5,13.5,13.5,13.5,6.3,JPN
111,Jordan,18.7,21.1,21.1,21.1,20.5,20.5,20.5,20.5,JOR
112,Kazakhstan,17.6,13.8,17.3,12.7,12.7,12.7,10.3,10.3,KAZ
113,Kazakhstan,17.6,13.8,17.3,12.7,12.7,12.7,10.3,10.3,KAZ
114,Kazakhstan,17.6,13.8,17.3,12.7,12.7,12.7,10.3,10.3,KAZ
115,Kazakhstan,17.6,13.8,17.3,12.7,12.7,12.7,10.3,10.3,KAZ
116,Kenya,28.8,36.0,36.0,36.0,36.0,33.1,33.1,33.1,KEN
117,Kiribati,0.0,0.0,0.0,48.4,48.4,48.4,48.4,0.0,KIR
118,Korea (Republic of),18.4,18.4,18.4,18.4,18.4,18.4,20.2,20.2,KOR
119,Kyrgyzstan,12.2,12.2,24.1,24.1,17.7,17.7,12.2,12.2,KGZ
120,Lao People's Democratic Republic,15.5,15.5,20.6,16.8,20.3,20.3,20.3,20.3,LAO
121,Latvia,20.5,21.0,20.9,19.8,20.5,20.3,20.7,20.7,LVA
122,Lebanon,0.0,30.0,30.0,30.0,30.0,30.0,0.0,0.0,LBN
123,Lesotho,39.5,47.0,47.0,47.0,47.0,47.0,41.1,41.1,LSO
124,Liberia,19.0,19.0,19.0,19.0,22.7,22.7,22.7,22.7,LBR
125,Lithuania,20.6,17.5,20.1,18.6,17.5,19.6,20.1,23.9,LTU
126,Luxembourg,15.7,13.5,11.6,13.1,13.9,15.1,17.7,17.7,LUX
127,Madagascar,19.3,36.1,36.1,36.1,20.4,20.4,20.4,20.4,MDG
128,Malawi,19.7,19.7,23.1,24.6,27.7,32.5,32.4,32.4,MWI
129,Malaysia,28.7,0.0,0.0,0.0,0.0,0.0,0.0,0.0,MYS
130,Maldives,19.5,23.2,23.2,23.2,23.2,23.2,23.2,20.5,MDV
131,Mali,25.4,0.0,0.0,0.0,16.1,16.1,16.1,15.4,MLI
132,Malta,0.0,0.0,13.6,14.1,13.3,13.6,13.7,13.7,MLT
133,Mauritania,21.5,21.5,23.8,21.2,21.2,21.2,24.6,24.6,MRT
134,Mauritius,0.0,16.6,16.6,19.8,19.8,19.8,19.8,18.2,MUS
135,Mexico,31.6,35.6,35.6,34.6,34.6,34.3,34.3,32.8,MEX
136,Micronesia (Federated States of),63.1,63.1,0.0,63.1,0.0,0.0,0.0,26.4,FSM
137,Moldova (Republic of),19.4,18.9,17.0,18.9,14.0,14.0,14.0,14.0,MDA
138,Mongolia,16.4,16.4,19.7,12.3,12.3,12.3,15.7,15.7,MNG
139,Montenegro,12.6,11.3,12.6,11.3,12.6,13.6,13.6,14.6,MNE
140,Morocco,20.7,23.0,23.0,23.0,23.0,23.0,0.0,0.0,MAR
141,Mozambique,58.1,25.8,37.0,28.4,28.4,28.4,28.4,28.4,MOZ
142,Myanmar,0.0,0.0,0.0,0.0,0.0,0.0,0.0,5.8,MMR
143,Namibia,68.3,68.3,68.3,68.3,68.3,53.6,53.6,53.6,NAM
144,Nepal,26.4,37.4,37.4,18.3,15.1,13.9,13.9,16.3,NPL
145,Netherlands,15.3,12.5,12.3,11.8,11.6,12.4,14.1,15.0,NLD
146,New Zealand,0.0,0.0,0.0,0.0,0.0,0.0,0.0,16.4,NZL
147,Nicaragua,23.8,33.6,33.6,31.0,28.3,32.1,32.1,29.2,NIC
148,Niger,21.1,17.9,17.9,17.9,12.3,12.3,12.3,16.4,NER
149,Nigeria,25.1,28.8,34.5,34.5,28.4,28.4,28.5,28.2,NGA
150,Norway,13.1,10.6,12.8,10.7,10.2,10.4,14.3,14.9,NOR
151,Pakistan,10.6,11.0,11.0,11.0,11.6,11.6,11.6,11.6,PAK
152,Palau,0.0,0.0,0.0,23.0,23.0,23.0,23.0,0.0,PLW
153,"Palestine, State of",0.0,0.0,0.0,15.0,15.0,15.0,18.5,18.5,0
154,Panama,52.6,40.5,40.5,35.8,36.5,38.0,35.3,36.5,PAN
155,Paraguay,33.4,33.4,33.4,34.6,30.1,38.3,33.9,39.5,PRY
156,Peru,42.7,30.0,32.5,30.6,31.9,29.5,29.6,28.3,PER
157,Philippines,28.0,30.0,30.0,25.2,26.8,26.8,26.8,26.8,PHL
158,Poland,18.4,16.3,17.1,17.9,17.5,17.4,17.6,17.1,POL
159,Portugal,23.9,19.3,20.8,19.9,20.3,20.4,20.5,20.5,PRT
160,Romania,12.2,22.2,22.2,17.3,17.1,19.5,21.5,21.0,ROU
161,Russian Federation,11.9,11.9,11.9,22.9,18.7,17.7,17.7,17.7,RUS
162,Russian Federation,11.9,11.9,11.9,22.9,18.7,17.7,17.7,17.7,RUS
163,Russian Federation,11.9,11.9,11.9,22.9,18.7,17.7,17.7,17.7,RUS
164,Russian Federation,11.9,11.9,11.9,22.9,18.7,17.7,17.7,17.7,RUS
165,Rwanda,31.5,34.5,30.2,39.6,35.2,36.4,36.4,36.4,RWA
166,Saint Lucia,0.0,0.0,0.0,0.0,27.4,27.4,27.4,27.4,LCA
167,Sao Tome and Principe,0.0,44.2,44.2,44.2,25.8,25.8,14.9,14.9,STP
168,Senegal,21.1,23.9,21.6,22.7,27.7,27.7,26.9,27.7,SEN
169,Serbia,12.2,10.3,10.3,13.5,13.5,17.4,27.0,28.7,SRB
170,Seychelles,0.0,0.0,0.0,0.0,0.0,0.0,0.0,29.3,SYC
171,Sierra Leone,22.2,31.0,31.0,31.0,19.2,19.2,19.2,19.2,SLE
172,Singapore,0.0,0.0,0.0,0.0,0.0,0.0,0.0,25.0,SGP
173,Slovakia,11.7,9.6,11.3,11.5,11.3,11.4,13.5,13.4,SVK
174,Slovenia,12.2,8.5,9.9,10.6,11.0,11.3,11.3,11.4,SVN
175,Solomon Islands,0.0,0.0,0.0,26.3,26.3,26.3,0.0,0.0,SLB
176,South Africa,40.9,0.0,0.0,0.0,57.3,56.4,56.4,56.4,ZAF
177,South Sudan,0.0,0.0,0.0,0.0,0.0,0.0,0.0,32.3,SSD
178,Spain,18.5,16.7,19.7,22.1,23.9,21.8,23.3,23.3,ESP
179,Sri Lanka,20.8,20.8,20.8,19.6,13.7,13.7,13.7,21.0,LKA
180,Sudan,0.0,0.0,0.0,0.0,0.0,0.0,37.3,33.0,SDN
181,Suriname,34.9,34.9,32.8,37.3,37.3,37.3,37.3,37.3,SUR
182,Sweden,13.0,10.3,11.2,12.4,13.1,13.1,14.6,15.3,SWE
183,Switzerland,14.3,14.3,14.3,13.2,12.3,15.7,16.8,16.8,CHE
184,Syrian Arab Republic,18.3,18.3,18.3,18.3,18.3,18.3,18.3,0.0,SYR
185,Tajikistan,15.3,15.3,15.0,15.0,15.0,15.0,15.0,13.5,TJK
186,Tanzania (United Republic of),17.6,20.6,20.9,20.9,22.7,22.7,22.7,22.4,TZA
187,Thailand,34.0,34.0,34.0,34.0,34.0,34.0,23.8,23.8,THA
188,The former Yugoslav Republic of Macedonia,21.8,21.8,21.8,21.8,30.1,30.1,30.1,20.3,0
189,Timor-Leste,19.2,17.8,17.8,17.8,17.8,17.8,17.8,13.6,TLS
190,Togo,20.0,20.0,20.0,23.5,23.5,23.5,23.5,25.1,TGO
191,Trinidad and Tobago,21.9,21.9,21.9,21.9,21.9,21.9,21.9,21.9,TTO
192,Tunisia,21.8,21.8,0.0,0.0,18.9,18.9,18.9,18.9,TUN
193,Turkey,26.5,26.5,26.5,21.8,21.8,21.8,21.8,22.6,TUR
194,Turkey,26.5,26.5,26.5,21.8,21.8,21.8,21.8,22.6,TUR
195,Turkey,26.5,26.5,26.5,21.8,21.8,21.8,21.8,22.6,TUR
196,Turkey,26.5,26.5,26.5,21.8,21.8,21.8,21.8,22.6,TUR
197,Turkmenistan,38.7,0.0,0.0,0.0,0.0,0.0,26.8,26.8,TKM
198,Tuvalu,0.0,0.0,0.0,0.0,0.0,0.0,0.0,23.4,TUV
199,Uganda,26.4,29.1,29.1,27.3,27.3,27.3,27.3,24.2,UGA
200,Ukraine,10.4,10.9,10.9,10.9,9.2,9.2,9.2,8.5,UKR
201,United Kingdom,21.0,17.3,16.9,18.8,17.8,16.2,18.2,19.5,GBR
202,United States,23.5,32.4,24.1,35.6,35.6,27.0,27.0,28.1,USA
203,Uruguay,26.3,27.8,27.9,27.1,24.2,26.2,26.4,25.3,URY
204,Uzbekistan,17.9,17.9,20.1,20.1,20.1,20.1,20.1,0.0,UZB
205,Vanuatu,0.0,0.0,0.0,18.5,18.5,18.5,18.5,19.7,VUT
206,Venezuela (Bolivarian Republic of),32.0,44.9,44.9,28.4,28.4,28.4,28.4,25.2,VEN
207,Viet Nam,18.2,11.4,11.4,14.6,22.0,21.4,21.4,21.4,VNM
208,Yemen,17.6,17.6,17.6,17.6,20.6,20.6,20.6,21.8,YEM
209,Zambia,20.8,20.8,42.6,42.6,42.6,48.6,48.6,48.6,ZMB
210,Zimbabwe,34.5,34.5,35.8,35.8,35.8,35.8,27.0,27.0,ZWE
211,Andorra,0.0,0.0,0.0,0.0,0.0,0.0,0.0,0.0,AND
212,Antigua and Barbuda,0.0,0.0,0.0,0.0,0.0,0.0,0.0,0.0,ATG
213,Bahrain,0.0,0.0,0.0,0.0,0.0,0.0,0.0,0.0,BHR
214,Brunei Darussalam,0.0,0.0,0.0,0.0,0.0,0.0,0.0,0.0,BRN
215,Cuba,0.0,0.0,0.0,0.0,0.0,0.0,0.0,0.0,CUB
216,Dominica,0.0,0.0,0.0,0.0,0.0,0.0,0.0,0.0,DMA
217,Equatorial Guinea,0.0,0.0,0.0,0.0,0.0,0.0,0.0,0.0,GNQ
218,Eritrea,0.0,0.0,0.0,0.0,0.0,0.0,0.0,0.0,ERI
219,Grenada,0.0,0.0,0.0,0.0,0.0,0.0,0.0,0.0,GRD
220,Korea (Democratic People's Rep. of),0.0,0.0,0.0,0.0,0.0,0.0,0.0,0.0,PRK
221,Kuwait,0.0,0.0,0.0,0.0,0.0,0.0,0.0,0.0,KWT
222,Libya,0.0,0.0,0.0,0.0,0.0,0.0,0.0,0.0,LBY
223,Liechtenstein,0.0,0.0,0.0,0.0,0.0,0.0,0.0,0.0,LIE
224,Marshall Islands,0.0,0.0,0.0,0.0,0.0,0.0,0.0,0.0,MHL
225,Monaco,0.0,0.0,0.0,0.0,0.0,0.0,0.0,0.0,MCO
226,Nauru,0.0,0.0,0.0,0.0,0.0,0.0,0.0,0.0,NRU
227,Oman,0.0,0.0,0.0,0.0,0.0,0.0,0.0,0.0,OMN
228,Papua New Guinea,0.0,0.0,0.0,0.0,0.0,0.0,0.0,0.0,PNG
229,Qatar,0.0,0.0,0.0,0.0,0.0,0.0,0.0,0.0,QAT
230,Saint Kitts and Nevis,0.0,0.0,0.0,0.0,0.0,0.0,0.0,0.0,KNA
231,Saint Vincent and the Grenadines,0.0,0.0,0.0,0.0,0.0,0.0,0.0,0.0,VCT
232,Samoa,0.0,0.0,0.0,0.0,0.0,0.0,0.0,0.0,WSM
233,San Marino,0.0,0.0,0.0,0.0,0.0,0.0,0.0,0.0,SMR
234,Saudi Arabia,0.0,0.0,0.0,0.0,0.0,0.0,0.0,0.0,SAU
235,Somalia,0.0,0.0,0.0,0.0,0.0,0.0,0.0,0.0,SOM
236,Tonga,0.0,0.0,0.0,0.0,0.0,0.0,0.0,0.0,TON
237,United Arab Emirates,0.0,0.0,0.0,0.0,0.0,0.0,0.0,0.0,ARE
0,Afghanistan,58.8,50.9,50.9,34.3,34.3,35.7,28.4,28.4,AFG
1,Albania,10.9,11.2,11.2,9.9,9.9,9.9,9.2,9.2,ALB
2,Algeria,17.9,14.5,14.5,16.7,16.7,18.6,15.1,15.1,DZA
3,Angola,53.7,46.1,46.1,46.2,46.2,46.2,33.8,33.8,AGO
4,Antigua and Barbuda,0.0,0.0,0.0,8.0,8.0,8.4,7.5,7.5,ATG
5,Argentina,10.4,9.7,9.7,9.3,9.3,10.0,9.5,9.5,ARG
6,Armenia,15.3,14.9,14.9,12.7,12.7,10.1,9.0,9.0,ARM
7,Armenia,15.3,14.9,14.9,12.7,12.7,10.1,9.0,9.0,ARM
8,Armenia,15.3,14.9,14.9,12.7,12.7,10.1,9.0,9.0,ARM
9,Armenia,15.3,14.9,14.9,12.7,12.7,10.1,9.0,9.0,ARM
10,Australia,4.7,4.7,4.7,4.2,4.2,4.3,3.6,3.6,AUS
11,Austria,4.5,4.2,4.2,3.7,3.7,3.7,3.0,3.0,AUT
12,Azerbaijan,23.8,20.6,20.6,21.7,21.7,21.7,17.0,17.0,AZE
13,Azerbaijan,23.8,20.6,20.6,21.7,21.7,21.7,17.0,17.0,AZE
14,Azerbaijan,23.8,20.6,20.6,21.7,21.7,21.7,17.0,17.0,AZE
15,Azerbaijan,23.8,20.6,20.6,21.7,21.7,21.7,17.0,17.0,AZE
16,Bahamas,9.7,10.9,10.9,9.4,9.4,9.4,8.7,8.7,BHS
17,Bahrain,8.1,6.2,6.2,6.3,6.3,6.3,5.6,5.6,BHR
18,Bangladesh,25.3,23.2,23.2,20.1,20.1,20.1,17.3,17.3,BGD
19,Barbados,7.9,9.2,9.2,8.1,8.1,7.8,7.0,7.0,BRB
20,Belarus,8.8,7.4,7.4,6.8,6.8,5.8,4.9,4.9,BLR
21,Belgium,4.6,4.4,4.4,3.9,3.9,4.0,3.6,3.6,BEL
22,Belize,12.4,12.2,12.2,11.4,11.4,11.6,10.1,10.1,BLZ
23,Benin,39.7,40.3,40.3,37.0,37.0,37.0,35.0,35.0,BEN
24,Bhutan,0.0,24.1,24.1,22.2,22.2,20.7,17.8,17.8,BTN
25,Bolivia (Plurinational State of),27.2,25.1,25.1,24.5,24.5,29.0,25.2,25.2,BOL
26,Bosnia and Herzegovina,9.2,9.6,9.6,6.7,6.7,6.7,5.9,5.9,BIH
27,Botswana,25.9,24.3,24.3,21.9,21.9,20.9,18.6,18.6,BWA
28,Brazil,16.6,14.4,14.4,14.5,14.5,14.4,10.8,10.8,BRA
29,Brunei Darussalam,5.4,5.8,5.8,4.4,4.4,4.4,5.5,5.5,BRN
30,Bulgaria,9.4,7.8,7.8,7.9,7.9,7.8,6.7,6.7,BGR
31,Burkina Faso,44.5,41.7,41.7,41.1,41.1,37.1,32.0,32.0,BFA
32,Burundi,47.8,45.6,45.6,43.6,43.6,40.8,38.1,38.1,BDI
33,Cabo Verde,16.4,12.7,12.7,12.0,12.0,13.4,13.3,13.3,CPV
34,Cambodia,33.4,28.8,28.8,25.3,25.3,19.7,16.0,16.0,KHM
35,Cameroon,44.4,43.0,43.0,39.4,39.4,39.4,33.7,33.7,CMR
36,Canada,5.0,5.0,5.0,4.6,4.6,4.7,4.3,4.3,CAN
37,Central African Republic,49.8,46.0,46.0,45.7,45.7,45.7,41.7,41.7,CAF
38,Chad,54.5,52.0,52.0,46.1,46.1,46.2,42.4,42.4,TCD
39,Chile,6.9,6.6,6.6,5.9,5.9,7.6,6.1,6.1,CHL
40,China,15.6,13.5,13.5,9.8,9.8,8.9,7.9,7.9,CHN
41,Colombia,15.1,13.7,13.7,13.5,13.5,14.3,13.2,13.2,COL
42,Comoros,27.0,32.6,32.6,34.2,34.2,30.9,28.9,28.9,COM
43,Congo,41.9,37.0,37.0,36.0,36.0,31.1,25.1,25.1,COG
44,Congo,41.9,37.0,37.0,36.0,36.0,31.1,25.1,25.1,COD
45,Congo,41.9,37.0,37.0,36.0,36.0,31.1,25.1,25.1,COD
46,Congo (Democratic Republic of the),52.9,50.0,50.0,49.9,49.9,39.1,36.1,36.1,COD
47,Congo (Democratic Republic of the),52.9,50.0,50.0,49.9,49.9,39.1,36.1,36.1,COD
48,Costa Rica,8.3,7.8,7.8,7.3,7.3,8.2,7.5,7.5,CRI
49,Croatia,6.0,5.5,5.5,5.2,5.2,4.5,4.1,4.1,HRV
50,Cuba,0.0,5.4,5.4,5.1,5.1,5.5,5.3,5.3,CUB
51,Cyprus,5.1,4.1,4.1,3.7,3.7,4.0,3.6,3.6,CYP
52,Cyprus,5.1,4.1,4.1,3.7,3.7,4.0,3.6,3.6,CYP
53,Cyprus,5.1,4.1,4.1,3.7,3.7,4.0,3.6,3.6,CYP
54,Cyprus,5.1,4.1,4.1,3.7,3.7,4.0,3.6,3.6,CYP
55,Czechia,4.3,3.9,3.9,3.7,3.7,3.5,3.3,3.3,CZE
56,C么te d'Ivoire,40.5,37.8,37.8,40.2,40.2,39.7,34.2,34.2,CIV
57,Denmark,4.8,4.4,4.4,4.0,4.0,3.8,3.4,3.4,DNK
58,Djibouti,41.0,36.9,36.9,32.5,32.5,32.5,30.8,30.8,DJI
59,Dominican Republic,18.9,16.0,16.0,16.9,16.9,16.8,15.4,15.4,DOM
60,Dominican Republic,18.9,16.0,16.0,16.9,16.9,16.8,15.4,15.4,DOM
61,Dominican Republic,18.9,16.0,16.0,16.9,16.9,16.8,15.4,15.4,DOM
62,Ecuador,15.2,14.1,14.1,13.4,13.4,15.1,13.9,13.9,ECU
63,Egypt,19.8,13.9,13.9,13.4,13.4,13.4,11.6,11.6,EGY
64,El Salvador,16.5,15.2,15.2,14.5,14.5,13.7,12.2,12.2,SLV
65,Equatorial Guinea,48.2,45.4,45.4,44.4,44.4,38.4,35.0,35.0,GNQ
66,Eritrea,0.0,26.6,26.6,24.7,24.7,25.9,21.4,21.4,ERI
67,Estonia,7.9,6.0,6.0,5.6,5.6,4.8,4.3,4.3,EST
68,Eswatini (Kingdom of),36.4,35.0,35.0,35.0,35.0,35.0,26.2,26.2,SWZ
69,Ethiopia,42.1,35.4,35.4,30.2,30.2,30.3,24.9,24.9,GNB
70,Ethiopia,42.1,35.4,35.4,30.2,30.2,30.3,24.9,24.9,GNB
71,Ethiopia,42.1,35.4,35.4,30.2,30.2,30.3,24.9,24.9,GNB
72,Fiji,13.9,13.0,13.0,12.3,12.3,12.3,10.9,10.9,HKG
73,Fiji,13.9,13.0,13.0,12.3,12.3,12.3,10.9,10.9,HKG
74,Finland,4.0,3.9,3.9,3.5,3.5,3.4,2.8,2.8,IRN
75,Finland,4.0,3.9,3.9,3.5,3.5,3.4,2.8,2.8,IRN
76,France,4.5,4.2,4.2,4.0,4.0,4.0,3.6,3.6,IRQ
77,France,4.5,4.2,4.2,4.0,4.0,4.0,3.6,3.6,IRQ
78,France,4.5,4.2,4.2,4.0,4.0,4.0,3.6,3.6,IRQ
79,Gabon,31.9,27.8,27.8,28.0,28.0,27.6,23.1,23.1,GAB
80,Gambia,38.5,33.9,33.9,34.8,34.8,31.3,28.5,28.5,GMB
81,Georgia,19.0,15.1,15.1,12.9,12.9,10.3,8.1,8.1,GEO
82,Georgia,19.0,15.1,15.1,12.9,12.9,10.3,8.1,8.1,GEO
83,Georgia,19.0,15.1,15.1,12.9,12.9,10.3,8.1,8.1,GEO
84,Georgia,19.0,15.1,15.1,12.9,12.9,10.3,8.1,8.1,GEO
85,Germany,4.4,4.0,4.0,3.7,3.7,3.7,3.0,3.0,DEU
86,Ghana,39.7,27.5,27.5,30.8,30.8,30.8,26.2,26.2,GHA
87,Greece,4.0,4.8,4.8,4.0,4.0,3.7,3.5,3.5,GRC
88,Grenada,0.0,9.6,9.6,8.4,8.4,8.7,8.0,8.0,GRD
89,Guatemala,20.4,18.6,18.6,17.4,17.4,17.0,16.0,16.0,GTM
90,Guinea,44.5,42.7,42.7,40.3,40.3,35.4,31.2,31.2,GIN
91,Guinea,44.5,42.7,42.7,40.3,40.3,35.4,31.2,31.2,GNB
92,Guinea,44.5,42.7,42.7,40.3,40.3,35.4,31.2,31.2,GNB
93,Guinea,44.5,42.7,42.7,40.3,40.3,35.4,31.2,31.2,GNB
94,Guinea-Bissau,52.5,50.1,50.1,45.3,45.3,44.6,38.4,38.4,GNB
95,Guinea-Bissau,52.5,50.1,50.1,45.3,45.3,44.6,38.4,38.4,GNB
96,Guinea-Bissau,52.5,50.1,50.1,45.3,45.3,44.6,38.4,38.4,GNB
97,Guyana,25.2,21.7,21.7,19.2,19.2,20.7,19.5,19.5,GUY
98,Haiti,32.9,30.9,30.9,27.9,27.9,30.9,28.6,28.6,HTI
99,Honduras,19.7,17.4,17.4,17.0,17.0,19.6,18.1,18.1,HND
100,"Hong Kong, China (SAR)",4.1,2.9,2.9,2.8,2.8,2.8,2.5,2.5,0
101,Hungary,6.6,5.7,5.7,5.4,5.4,5.2,4.7,4.7,HUN
102,Iceland,3.5,3.0,3.0,2.8,2.8,2.9,2.4,2.4,ISL
103,India,31.3,27.1,27.1,25.0,25.0,24.0,21.4,21.4,IND
104,Indonesia,16.8,16.8,16.8,16.4,16.4,16.5,14.8,14.8,IDN
105,Iran (Islamic Republic of),17.3,16.1,16.1,12.5,12.5,10.6,9.0,9.0,IRN
106,Iran (Islamic Republic of),17.3,16.1,16.1,12.5,12.5,10.6,9.0,9.0,IRN
107,Iraq,0.0,20.3,20.3,17.6,17.6,19.3,17.3,17.3,IRQ
108,Iraq,0.0,20.3,20.3,17.6,17.6,19.3,17.3,17.3,IRQ
109,Iraq,0.0,20.3,20.3,17.6,17.6,19.3,17.3,17.3,IRQ
110,Iraq,0.0,20.3,20.3,17.6,17.6,19.3,17.3,17.3,IRQ
111,Iraq,0.0,20.3,20.3,17.6,17.6,19.3,17.3,17.3,IRQ
112,Iraq,0.0,20.3,20.3,17.6,17.6,19.3,17.3,17.3,IRQ
113,Ireland,4.6,4.3,4.3,3.7,3.7,3.7,2.8,2.8,IRL
114,Israel,4.8,3.9,3.9,3.8,3.8,3.9,3.3,3.3,ISR
115,Italy,4.3,3.9,3.9,3.4,3.4,3.0,2.9,2.9,ITA
116,Jamaica,16.7,15.3,15.3,15.0,15.0,11.9,11.0,11.0,JAM
117,Japan,3.9,3.5,3.5,3.2,3.2,3.2,2.9,2.9,JPN
118,Jordan,13.3,13.1,13.1,11.9,11.9,11.9,10.7,10.7,JOR
119,Kazakhstan,17.2,16.2,16.2,16.7,16.7,11.6,10.1,10.1,KAZ
120,Kazakhstan,17.2,16.2,16.2,16.7,16.7,11.6,10.1,10.1,KAZ
121,Kazakhstan,17.2,16.2,16.2,16.7,16.7,11.6,10.1,10.1,KAZ
122,Kazakhstan,17.2,16.2,16.2,16.7,16.7,11.6,10.1,10.1,KAZ
123,Kenya,37.2,34.1,34.1,31.5,31.5,32.1,22.8,22.8,KEN
124,Kiribati,0.0,0.0,0.0,20.6,20.6,26.1,24.5,24.5,KIR
125,Korea (Democratic People's Rep. of),0.0,16.9,0.0,15.4,15.4,15.4,11.6,11.6,PRK
126,Korea (Republic of),4.8,4.3,4.3,3.9,3.9,3.7,3.2,3.2,KOR
127,Kuwait,7.3,6.7,6.7,7.2,7.2,7.2,6.3,6.3,KWT
128,Kyrgyzstan,21.6,19.8,19.8,20.0,20.0,13.6,12.1,12.1,KGZ
129,Lao People's Democratic Republic,27.6,21.7,21.7,21.5,21.5,26.2,23.1,23.1,LAO
130,Latvia,8.5,7.1,7.1,7.6,7.6,6.7,5.9,5.9,LVA
131,Lebanon,0.0,13.5,13.5,6.7,6.7,7.2,6.7,6.7,LBN
132,Lesotho,36.6,34.3,34.3,33.5,33.5,33.5,28.5,28.5,LSO
133,Liberia,43.3,37.6,37.6,33.1,33.1,33.1,27.5,27.5,LBR
134,Libya,12.1,9.7,9.7,10.1,10.1,15.8,14.1,14.1,LBY
135,Lithuania,8.8,7.2,7.2,6.6,6.6,5.5,5.4,5.4,LTU
136,Luxembourg,4.8,3.5,3.5,3.3,3.3,2.6,3.4,3.4,LUX
137,Madagascar,36.4,25.6,25.6,24.8,24.8,24.8,21.3,21.3,MDG
138,Malawi,40.3,39.9,39.9,40.0,40.0,32.7,30.3,30.3,MWI
139,Malaysia,8.0,6.7,6.7,4.9,4.9,6.7,5.9,5.9,MYS
140,Maldives,15.5,7.3,7.3,8.1,8.1,7.1,5.7,5.7,MDV
141,Mali,50.1,46.3,46.3,45.6,45.6,40.4,36.8,36.8,MLI
142,Malta,5.6,5.1,5.1,4.8,4.8,4.5,4.0,4.0,MLT
143,Mauritania,38.9,36.2,36.2,36.6,36.6,33.7,32.6,32.6,MRT
144,Mauritius,11.4,9.8,9.8,9.2,9.2,9.8,8.9,8.9,MUS
145,Mexico,12.3,10.9,10.9,10.9,10.9,13.2,12.3,12.3,MEX
146,Micronesia (Federated States of),20.5,19.2,19.2,19.8,19.8,19.8,19.0,19.0,FSM
147,Moldova (Republic of),13.1,11.2,11.2,11.0,11.0,9.0,9.6,9.6,MDA
148,Mongolia,22.6,18.8,18.8,16.6,16.6,17.1,13.4,13.4,MNG
149,Montenegro,7.3,6.8,6.8,7.6,7.6,5.2,4.4,4.4,MNE
150,Morocco,18.3,16.7,16.7,16.8,16.8,16.0,14.0,14.0,MAR
151,Mozambique,45.7,40.8,40.8,40.2,40.2,36.4,35.6,35.6,MOZ
152,Myanmar,38.2,25.3,25.3,27.1,27.1,26.0,24.0,24.0,MMR
153,Namibia,24.5,21.1,21.1,21.7,21.7,21.7,20.2,20.2,NAM
154,Nepal,24.3,19.5,19.5,21.1,21.1,19.6,16.6,16.6,NPL
155,Netherlands,4.6,4.3,4.3,3.9,3.9,3.7,3.0,3.0,NLD
156,New Zealand,5.0,5.2,5.2,4.8,4.8,4.6,4.3,4.3,NZL
157,Nicaragua,15.6,13.9,13.9,13.2,13.2,14.6,12.9,12.9,NIC
158,Niger,46.8,42.6,42.6,37.9,37.9,35.3,34.9,34.9,NER
159,Nigeria,51.1,43.8,43.8,40.8,40.8,40.8,37.4,37.4,NGA
160,Norway,4.0,3.7,3.7,3.4,3.4,3.3,2.7,2.7,NOR
161,Oman,0.0,7.2,7.2,7.0,7.0,7.0,7.1,7.1,OMN
162,Pakistan,32.9,32.3,32.3,29.9,29.9,32.8,31.0,31.0,PAK
163,"Palestine, State of",0.0,13.1,13.1,13.1,13.1,13.7,12.2,12.2,0
164,Panama,13.6,12.4,12.4,12.1,12.1,11.5,11.5,11.5,PAN
165,Papua New Guinea,28.5,25.2,25.2,26.5,26.5,26.5,25.3,25.3,PNG
166,Paraguay,19.9,17.8,17.8,19.2,19.2,18.3,18.0,18.0,PRY
167,Peru,16.5,14.8,14.8,13.9,13.9,14.2,13.2,13.2,PER
168,Philippines,15.0,15.2,15.2,15.2,15.2,16.2,14.4,14.4,PHL
169,Poland,6.4,5.8,5.8,5.7,5.7,5.2,4.7,4.7,POL
170,Portugal,4.8,4.9,4.9,3.9,3.9,3.9,2.9,2.9,PRT
171,Qatar,7.4,7.2,7.2,6.0,6.0,6.1,5.9,5.9,QAT
172,Romania,10.9,9.6,9.6,8.8,8.8,8.4,6.8,6.8,ROU
173,Russian Federation,11.5,10.8,10.8,9.8,9.8,8.8,8.0,8.0,RUS
174,Russian Federation,11.5,10.8,10.8,9.8,9.8,8.8,8.0,8.0,RUS
175,Russian Federation,11.5,10.8,10.8,9.8,9.8,8.8,8.0,8.0,RUS
176,Russian Federation,11.5,10.8,10.8,9.8,9.8,8.8,8.0,8.0,RUS
177,Rwanda,47.4,41.3,41.3,30.2,30.2,29.8,23.8,23.8,RWA
178,Saint Lucia,0.0,10.4,10.4,9.9,9.9,10.1,9.0,9.0,LCA
179,Saint Vincent and the Grenadines,0.0,14.0,14.0,12.9,13.0,12.7,11.9,11.9,VCT
180,Samoa,0.0,13.4,13.4,13.3,13.3,13.3,11.4,11.4,WSM
181,Sao Tome and Principe,34.4,28.8,28.8,26.9,26.9,26.9,25.9,25.9,STP
182,Saudi Arabia,12.7,11.5,11.5,8.7,8.7,11.0,8.9,8.9,SAU
183,Senegal,37.4,30.7,30.7,29.5,29.5,25.0,21.1,21.1,SEN
184,Serbia,9.0,8.3,8.3,8.5,8.5,7.9,7.1,7.1,SRB
185,Seychelles,0.0,0.0,0.0,7.9,7.9,9.0,7.7,7.7,SYC
186,Sierra Leone,44.5,45.3,45.3,51.2,51.2,43.4,39.8,39.8,SLE
187,Singapore,3.8,2.9,2.9,2.8,2.8,3.0,2.6,2.6,SGP
188,Slovakia,6.5,5.7,5.7,5.6,5.6,5.3,5.2,5.2,SVK
189,Slovenia,4.3,4.1,4.1,3.8,3.8,3.6,3.0,3.0,SVN
190,Solomon Islands,25.2,20.7,20.7,22.3,22.3,22.3,15.9,15.9,SLB
191,Somalia,0.0,47.1,0.0,42.1,42.1,42.1,38.9,38.9,SOM
192,South Africa,30.2,28.4,28.4,25.7,25.7,25.7,20.3,20.3,ZAF
193,South Sudan,0.0,0.0,0.0,40.8,40.8,40.7,37.0,37.0,SSD
194,Spain,4.4,4.1,4.1,3.9,3.9,3.5,3.0,3.0,ESP
195,Sri Lanka,12.3,9.4,9.4,8.3,8.3,8.1,7.1,7.1,LKA
196,Sudan,38.5,33.0,33.0,32.8,32.8,31.8,27.9,27.9,SDN
197,Suriname,16.7,15.0,15.0,13.6,13.6,13.6,12.4,12.4,SUR
198,Sweden,3.7,3.3,3.3,3.1,3.1,3.3,2.7,2.7,SWE
199,Switzerland,4.4,4.1,4.1,3.9,3.9,3.8,3.5,3.5,CHE
200,Syrian Arab Republic,11.1,10.0,10.0,12.6,12.6,14.5,13.0,13.0,SYR
201,Tajikistan,31.0,27.2,27.2,29.3,29.3,23.2,20.1,20.1,TJK
202,Tanzania (United Republic of),37.5,32.4,32.4,30.4,30.4,25.0,24.9,24.9,TZA
203,Thailand,9.5,10.1,10.1,9.8,9.8,10.4,9.3,9.3,THA
204,The former Yugoslav Republic of Macedonia,10.4,9.4,9.4,7.6,7.6,7.6,6.5,6.5,0
205,Timor-Leste,34.3,30.2,30.2,22.8,22.8,24.4,20.6,20.6,TLS
206,Togo,35.4,37.2,37.2,36.8,36.8,32.4,30.5,30.5,TGO
207,Tonga,14.5,13.8,13.8,13.7,13.7,13.6,13.0,13.0,TON
208,Trinidad and Tobago,17.4,16.6,16.6,16.4,16.4,16.6,15.6,15.6,TTO
209,Tunisia,12.7,12.6,12.6,10.6,10.6,12.2,10.7,10.7,TUN
210,Turkey,16.5,12.8,12.8,11.0,11.0,11.5,9.6,9.6,TUR
211,Turkey,16.5,12.8,12.8,11.0,11.0,11.5,9.6,9.6,TUR
212,Turkey,16.5,12.8,12.8,11.0,11.0,11.5,9.6,9.6,TUR
213,Turkey,16.5,12.8,12.8,11.0,11.0,11.5,9.6,9.6,TUR
214,Turkmenistan,27.5,26.7,26.7,26.0,26.0,26.0,23.4,23.4,TKM
215,Uganda,40.7,39.1,39.1,33.8,33.8,35.7,32.5,32.5,UGA
216,Ukraine,11.0,10.5,10.5,10.4,10.4,8.7,7.5,7.5,UKR
217,United Arab Emirates,7.4,6.3,6.3,5.5,5.5,5.8,5.2,5.2,ARE
218,United Kingdom,4.9,4.8,4.8,4.5,4.5,4.5,4.0,4.0,GBR
219,United States,6.0,6.6,6.6,6.2,6.2,6.1,5.6,5.6,USA
220,Uruguay,10.1,9.3,9.3,9.2,9.2,9.5,9.0,9.0,URY
221,Uzbekistan,25.9,24.3,24.3,24.3,24.3,24.3,17.0,17.0,UZB
222,Vanuatu,0.0,15.6,15.6,15.4,15.4,15.4,14.1,14.1,VUT
223,Venezuela (Bolivarian Republic of),13.3,12.2,12.2,12.2,12.2,11.4,10.5,10.5,VEN
224,Viet Nam,13.8,13.4,13.4,12.1,12.1,14.2,12.7,12.7,VNM
225,Yemen,31.2,25.1,25.1,30.3,30.3,29.4,24.9,24.9,YEM
226,Zambia,46.5,41.9,41.9,37.2,37.2,33.8,28.8,28.8,ZMB
227,Zimbabwe,34.2,30.6,30.6,26.8,26.8,31.2,26.6,26.6,ZWE
228,Andorra,0.0,0.0,0.0,0.0,0.0,0.0,0.0,0.0,AND
229,Dominica,0.0,0.0,0.0,0.0,0.0,0.0,0.0,0.0,DMA
230,Liechtenstein,0.0,0.0,0.0,0.0,0.0,0.0,0.0,0.0,LIE
231,Marshall Islands,0.0,0.0,0.0,0.0,0.0,0.0,0.0,0.0,MHL
232,Monaco,0.0,0.0,0.0,0.0,0.0,0.0,0.0,0.0,MCO
233,Nauru,0.0,0.0,0.0,0.0,0.0,0.0,0.0,0.0,NRU
234,Palau,0.0,0.0,0.0,0.0,0.0,0.0,0.0,0.0,PLW
235,Saint Kitts and Nevis,0.0,0.0,0.0,0.0,0.0,0.0,0.0,0.0,KNA
236,San Marino,0.0,0.0,0.0,0.0,0.0,0.0,0.0,0.0,SMR
237,Tuvalu,0.0,0.0,0.0,0.0,0.0,0.0,0.0,0.0,TUV
0,Afghanistan,0.225,0.23199999999999998,0.237,0.21899999999999997,0.22399999999999998,0.226,0.22399999999999998,0.22699999999999998,AFG
1,Albania,0.5870000000000001,0.611,0.644,0.645,0.645,0.6459999999999999,0.675,0.6809999999999999,ALB
2,Algeria,0.0,0.0,0.0,0.0,0.0,0.0,0.44,0.441,DZA
3,Andorra,0.0,0.0,0.0,0.0,0.0,0.0,0.0,0.647,AND
4,Angola,0.294,0.0,0.285,0.293,0.301,0.309,0.32,0.327,AGO
5,Argentina,0.705,0.7090000000000001,0.708,0.735,0.743,0.747,0.764,0.765,ARG
6,Armenia,0.6829999999999999,0.684,0.708,0.711,0.715,0.718,0.728,0.727,ARM
7,Armenia,0.6829999999999999,0.684,0.708,0.711,0.715,0.718,0.728,0.727,ARM
8,Armenia,0.6829999999999999,0.684,0.708,0.711,0.715,0.718,0.728,0.727,ARM
9,Armenia,0.6829999999999999,0.684,0.708,0.711,0.715,0.718,0.728,0.727,ARM
10,Australia,0.897,0.9,0.903,0.905,0.9059999999999999,0.909,0.894,0.904,AUS
11,Austria,0.8170000000000001,0.818,0.82,0.8029999999999999,0.815,0.8109999999999999,0.8290000000000001,0.83,AUT
12,Azerbaijan,0.599,0.627,0.632,0.64,0.65,0.65,0.679,0.682,AZE
13,Azerbaijan,0.599,0.627,0.632,0.64,0.65,0.65,0.679,0.682,AZE
14,Azerbaijan,0.599,0.627,0.632,0.64,0.65,0.65,0.679,0.682,AZE
15,Azerbaijan,0.599,0.627,0.632,0.64,0.65,0.65,0.679,0.682,AZE
16,Bahamas,0.659,0.6659999999999999,0.0,0.667,0.0,0.0,0.0,0.68,BHS
17,Bahrain,0.0,0.0,0.0,0.0,0.0,0.0,0.0,0.614,BHR
18,Bangladesh,0.235,0.268,0.275,0.289,0.293,0.306,0.307,0.319,BGD
19,Barbados,0.0,0.0,0.0,0.0,0.7340000000000001,0.7340000000000001,0.7340000000000001,0.7340000000000001,BRB
20,Belarus,0.763,0.7879999999999999,0.7909999999999999,0.795,0.804,0.8059999999999999,0.807,0.807,BLR
21,Belgium,0.826,0.816,0.8079999999999999,0.799,0.8109999999999999,0.818,0.81,0.815,BEL
22,Belize,0.557,0.0,0.0,0.0,0.5920000000000001,0.5920000000000001,0.594,0.594,BLZ
23,Benin,0.22399999999999998,0.23800000000000002,0.251,0.263,0.254,0.257,0.26,0.265,BEN
24,Bhutan,0.0,0.225,0.373,0.37200000000000005,0.245,0.245,0.24600000000000002,0.259,BTN
25,Bolivia (Plurinational State of),0.457,0.47,0.47700000000000004,0.48,0.502,0.532,0.542,0.5489999999999999,BOL
26,Bosnia and Herzegovina,0.49,0.593,0.637,0.65,0.612,0.608,0.628,0.5760000000000001,BIH
27,Botswana,0.0,0.0,0.0,0.444,0.446,0.447,0.44799999999999995,0.0,BWA
28,Brazil,0.46,0.462,0.47,0.493,0.507,0.526,0.535,0.535,BRA
29,Bulgaria,0.695,0.715,0.718,0.7340000000000001,0.743,0.7659999999999999,0.7509999999999999,0.753,BGR
30,Burkina Faso,0.145,0.154,0.162,0.161,0.163,0.17,0.183,0.174,BFA
31,Burundi,0.24,0.0,0.0,0.24100000000000002,0.264,0.266,0.267,0.256,BDI
32,Cabo Verde,0.355,0.36200000000000004,0.0,0.44,0.444,0.449,0.428,0.423,CPV
33,Cambodia,0.31,0.317,0.335,0.34,0.34299999999999997,0.349,0.35100000000000003,0.354,KHM
34,Cameroon,0.303,0.314,0.33,0.34299999999999997,0.35,0.354,0.35700000000000004,0.36700000000000005,CMR
35,Canada,0.8320000000000001,0.835,0.8390000000000001,0.836,0.852,0.856,0.875,0.887,CAN
36,Central African Republic,0.16699999999999998,0.171,0.174,0.17800000000000002,0.21899999999999997,0.222,0.223,0.223,CAF
37,Chad,0.155,0.152,0.157,0.162,0.17,0.17300000000000001,0.17,0.17,TCD
38,Chile,0.648,0.65,0.652,0.669,0.685,0.731,0.7340000000000001,0.741,CHL
39,China,0.46299999999999997,0.46799999999999997,0.474,0.0,0.0,0.0,0.0,0.5710000000000001,CHN
40,Colombia,0.49,0.503,0.508,0.517,0.524,0.5529999999999999,0.561,0.545,COL
41,Comoros,0.228,0.23399999999999999,0.24100000000000002,0.24600000000000002,0.247,0.248,0.248,0.248,COM
42,Congo,0.35,0.373,0.373,0.379,0.40399999999999997,0.409,0.413,0.413,COG
43,Congo,0.35,0.373,0.373,0.379,0.40399999999999997,0.409,0.413,0.413,COD
44,Congo,0.35,0.373,0.373,0.379,0.40399999999999997,0.409,0.413,0.413,COD
45,Congo (Democratic Republic of the),0.301,0.303,0.304,0.321,0.337,0.34600000000000003,0.35100000000000003,0.365,COD
46,Congo (Democratic Republic of the),0.301,0.303,0.304,0.321,0.337,0.34600000000000003,0.35100000000000003,0.365,COD
47,Costa Rica,0.535,0.542,0.5770000000000001,0.5820000000000001,0.59,0.624,0.627,0.634,CRI
48,Croatia,0.6809999999999999,0.691,0.6970000000000001,0.706,0.758,0.758,0.752,0.752,HRV
49,Cuba,0.0,0.0,0.0,0.6759999999999999,0.68,0.684,0.69,0.695,CUB
50,Cyprus,0.647,0.655,0.6509999999999999,0.6779999999999999,0.6890000000000001,0.6940000000000001,0.706,0.7140000000000001,CYP
51,Cyprus,0.647,0.655,0.6509999999999999,0.6779999999999999,0.6890000000000001,0.6940000000000001,0.706,0.7140000000000001,CYP
52,Cyprus,0.647,0.655,0.6509999999999999,0.6779999999999999,0.6890000000000001,0.6940000000000001,0.706,0.7140000000000001,CYP
53,Cyprus,0.647,0.655,0.6509999999999999,0.6779999999999999,0.6890000000000001,0.6940000000000001,0.706,0.7140000000000001,CYP
54,Czechia,0.847,0.852,0.848,0.8690000000000001,0.88,0.879,0.879,0.879,CZE
55,C么te d'Ivoire,0.207,0.21899999999999997,0.223,0.218,0.21600000000000003,0.226,0.231,0.223,CIV
56,Denmark,0.868,0.8959999999999999,0.897,0.912,0.899,0.89,0.88,0.88,DNK
57,Djibouti,0.157,0.159,0.16,0.162,0.163,0.163,0.16399999999999998,0.16399999999999998,DJI
58,Dominican Republic,0.47100000000000003,0.447,0.451,0.47100000000000003,0.48100000000000004,0.515,0.507,0.52,DOM
59,Dominican Republic,0.47100000000000003,0.447,0.451,0.47100000000000003,0.48100000000000004,0.515,0.507,0.52,DOM
60,Dominican Republic,0.47100000000000003,0.447,0.451,0.47100000000000003,0.48100000000000004,0.515,0.507,0.52,DOM
61,Ecuador,0.494,0.49700000000000005,0.5,0.514,0.53,0.5710000000000001,0.596,0.601,ECU
62,Egypt,0.311,0.32899999999999996,0.33799999999999997,0.344,0.34600000000000003,0.39,0.381,0.381,EGY
63,El Salvador,0.396,0.385,0.39,0.402,0.397,0.419,0.40399999999999997,0.40399999999999997,SLV
64,Equatorial Guinea,0.31,0.31,0.0,0.0,0.0,0.0,0.0,0.0,GNQ
65,Estonia,0.845,0.852,0.8540000000000001,0.853,0.8490000000000001,0.848,0.848,0.8490000000000001,EST
66,Eswatini (Kingdom of),0.309,0.35700000000000004,0.36200000000000004,0.382,0.387,0.387,0.401,0.401,SWZ
67,Ethiopia,0.188,0.193,0.19399999999999998,0.17800000000000002,0.179,0.204,0.20600000000000002,0.185,GNB
68,Ethiopia,0.188,0.193,0.19399999999999998,0.17800000000000002,0.179,0.204,0.20600000000000002,0.185,GNB
69,Ethiopia,0.188,0.193,0.19399999999999998,0.17800000000000002,0.179,0.204,0.20600000000000002,0.185,GNB
70,Fiji,0.655,0.0,0.0,0.685,0.6890000000000001,0.703,0.0,0.0,HKG
71,Fiji,0.655,0.0,0.0,0.685,0.6890000000000001,0.703,0.0,0.0,HKG
72,Finland,0.838,0.866,0.866,0.88,0.884,0.885,0.887,0.887,IRN
73,Finland,0.838,0.866,0.866,0.88,0.884,0.885,0.887,0.887,IRN
74,France,0.736,0.7390000000000001,0.74,0.7509999999999999,0.767,0.777,0.767,0.768,IRQ
75,France,0.736,0.7390000000000001,0.74,0.7509999999999999,0.767,0.777,0.767,0.768,IRQ
76,France,0.736,0.7390000000000001,0.74,0.7509999999999999,0.767,0.777,0.767,0.768,IRQ
77,Gabon,0.556,0.56,0.564,0.473,0.473,0.473,0.47600000000000003,0.48100000000000004,GAB
78,Gambia,0.18600000000000003,0.0,0.0,0.0,0.0,0.0,0.18600000000000003,0.18899999999999997,GMB
79,Georgia,0.7390000000000001,0.753,0.764,0.777,0.789,0.813,0.826,0.826,GEO
80,Georgia,0.7390000000000001,0.753,0.764,0.777,0.789,0.813,0.826,0.826,GEO
81,Georgia,0.7390000000000001,0.753,0.764,0.777,0.789,0.813,0.826,0.826,GEO
82,Georgia,0.7390000000000001,0.753,0.764,0.777,0.789,0.813,0.826,0.826,GEO
83,Germany,0.9059999999999999,0.915,0.9179999999999999,0.9109999999999999,0.9129999999999999,0.9159999999999999,0.9159999999999999,0.915,DEU
84,Ghana,0.48700000000000004,0.315,0.32,0.353,0.342,0.36200000000000004,0.363,0.363,GHA
85,Greece,0.747,0.6809999999999999,0.7140000000000001,0.721,0.7340000000000001,0.735,0.7190000000000001,0.728,GRC
86,Guatemala,0.292,0.3,0.28800000000000003,0.289,0.325,0.325,0.335,0.335,GTM
87,Guinea,0.165,0.179,0.187,0.193,0.175,0.175,0.175,0.175,GIN
88,Guinea,0.165,0.179,0.187,0.193,0.175,0.175,0.175,0.175,GNB
89,Guinea,0.165,0.179,0.187,0.193,0.175,0.175,0.175,0.175,GNB
90,Guinea,0.165,0.179,0.187,0.193,0.175,0.175,0.175,0.175,GNB
91,Guinea-Bissau,0.215,0.221,0.225,0.22899999999999998,0.23199999999999998,0.23199999999999998,0.228,0.228,GNB
92,Guinea-Bissau,0.215,0.221,0.225,0.22899999999999998,0.23199999999999998,0.23199999999999998,0.228,0.228,GNB
93,Guinea-Bissau,0.215,0.221,0.225,0.22899999999999998,0.23199999999999998,0.23199999999999998,0.228,0.228,GNB
94,Guyana,0.519,0.522,0.529,0.531,0.5329999999999999,0.534,0.532,0.532,GUY
95,Haiti,0.237,0.24100000000000002,0.244,0.248,0.26,0.263,0.264,0.267,HTI
96,Honduras,0.32899999999999996,0.327,0.34,0.337,0.35600000000000004,0.373,0.386,0.38799999999999996,HND
97,"Hong Kong, China (SAR)",0.0,0.0,0.0,0.0,0.0,0.0,0.76,0.768,0
98,Hungary,0.7859999999999999,0.79,0.797,0.805,0.795,0.792,0.7909999999999999,0.789,HUN
99,Iceland,0.831,0.845,0.861,0.875,0.885,0.884,0.889,0.889,ISL
100,India,0.284,0.294,0.292,0.298,0.308,0.32899999999999996,0.337,0.341,IND
101,Indonesia,0.461,0.47600000000000003,0.483,0.47200000000000003,0.48700000000000004,0.488,0.49200000000000005,0.52,IDN
102,Iran (Islamic Republic of),0.0,0.0,0.0,0.46299999999999997,0.46299999999999997,0.465,0.0,0.705,IRN
103,Iran (Islamic Republic of),0.0,0.0,0.0,0.46299999999999997,0.46299999999999997,0.465,0.0,0.705,IRN
104,Iraq,0.0,0.0,0.33899999999999997,0.35100000000000003,0.348,0.348,0.353,0.389,IRQ
105,Iraq,0.0,0.0,0.33899999999999997,0.35100000000000003,0.348,0.348,0.353,0.389,IRQ
106,Iraq,0.0,0.0,0.33899999999999997,0.35100000000000003,0.348,0.348,0.353,0.389,IRQ
107,Iraq,0.0,0.0,0.33899999999999997,0.35100000000000003,0.348,0.348,0.353,0.389,IRQ
108,Iraq,0.0,0.0,0.33899999999999997,0.35100000000000003,0.348,0.348,0.353,0.389,IRQ
109,Iraq,0.0,0.0,0.33899999999999997,0.35100000000000003,0.348,0.348,0.353,0.389,IRQ
110,Ireland,0.878,0.8340000000000001,0.85,0.848,0.861,0.883,0.8909999999999999,0.8909999999999999,IRL
111,Israel,0.792,0.799,0.8009999999999999,0.8009999999999999,0.7879999999999999,0.802,0.8,0.813,ISR
112,Italy,0.6859999999999999,0.698,0.684,0.701,0.705,0.713,0.7,0.708,ITA
113,Jamaica,0.598,0.601,0.596,0.607,0.645,0.648,0.652,0.652,JAM
114,Japan,0.0,0.0,0.0,0.6659999999999999,0.672,0.672,0.679,0.835,JPN
115,Jordan,0.513,0.528,0.531,0.5329999999999999,0.579,0.5870000000000001,0.591,0.591,JOR
116,Kazakhstan,0.74,0.7490000000000001,0.745,0.755,0.758,0.758,0.7829999999999999,0.7879999999999999,KAZ
117,Kazakhstan,0.74,0.7490000000000001,0.745,0.755,0.758,0.758,0.7829999999999999,0.7879999999999999,KAZ
118,Kazakhstan,0.74,0.7490000000000001,0.745,0.755,0.758,0.758,0.7829999999999999,0.7879999999999999,KAZ
119,Kazakhstan,0.74,0.7490000000000001,0.745,0.755,0.758,0.758,0.7829999999999999,0.7879999999999999,KAZ
120,Kenya,0.355,0.35200000000000004,0.35700000000000004,0.36200000000000004,0.391,0.41200000000000003,0.419,0.425,KEN
121,Kiribati,0.0,0.0,0.0,0.49,0.488,0.488,0.488,0.488,KIR
122,Korea (Republic of),0.6409999999999999,0.643,0.6409999999999999,0.619,0.642,0.642,0.703,0.703,KOR
123,Kuwait,0.0,0.0,0.0,0.0,0.0,0.0,0.511,0.51,KWT
124,Kyrgyzstan,0.619,0.62,0.664,0.6729999999999999,0.691,0.6920000000000001,0.698,0.698,KGZ
125,Lao People's Democratic Republic,0.298,0.311,0.316,0.31,0.314,0.319,0.319,0.32,LAO
126,Latvia,0.8220000000000001,0.816,0.813,0.828,0.835,0.833,0.8340000000000001,0.8340000000000001,LVA
127,Lebanon,0.0,0.483,0.47,0.473,0.475,0.479,0.595,0.598,LBN
128,Lesotho,0.369,0.377,0.38299999999999995,0.37799999999999995,0.38,0.377,0.392,0.392,LSO
129,Liberia,0.215,0.218,0.222,0.225,0.228,0.243,0.24600000000000002,0.248,LBR
130,Lithuania,0.8170000000000001,0.815,0.802,0.7959999999999999,0.8290000000000001,0.83,0.8320000000000001,0.84,LTU
131,Luxembourg,0.732,0.731,0.73,0.732,0.736,0.742,0.728,0.718,LUX
132,Madagascar,0.335,0.33799999999999997,0.342,0.344,0.321,0.324,0.324,0.324,MDG
133,Malawi,0.27899999999999997,0.28300000000000003,0.306,0.309,0.311,0.32,0.322,0.32299999999999995,MWI
134,Malaysia,0.0,0.0,0.0,0.0,0.0,0.0,0.0,0.607,MYS
135,Maldives,0.43799999999999994,0.302,0.309,0.316,0.331,0.337,0.336,0.336,MDV
136,Mali,0.175,0.179,0.179,0.17600000000000002,0.166,0.16699999999999998,0.168,0.158,MLI
137,Malta,0.0,0.0,0.735,0.7440000000000001,0.7390000000000001,0.762,0.763,0.762,MLT
138,Mauritania,0.192,0.196,0.20800000000000002,0.201,0.225,0.225,0.228,0.23,MRT
139,Mauritius,0.0,0.589,0.604,0.613,0.632,0.626,0.633,0.633,MUS
140,Mexico,0.511,0.498,0.508,0.509,0.526,0.535,0.562,0.562,MEX
141,Micronesia (Federated States of),0.43799999999999994,0.444,0.0,0.0,0.0,0.0,0.0,0.0,FSM
142,Moldova (Republic of),0.644,0.6559999999999999,0.6659999999999999,0.672,0.662,0.657,0.6579999999999999,0.6579999999999999,MDA
143,Mongolia,0.68,0.6920000000000001,0.674,0.706,0.68,0.6829999999999999,0.675,0.675,MNG
144,Montenegro,0.7120000000000001,0.768,0.7709999999999999,0.7709999999999999,0.732,0.732,0.732,0.732,MNE
145,Morocco,0.257,0.251,0.26,0.268,0.273,0.276,0.0,0.0,MAR
146,Mozambique,0.268,0.301,0.299,0.313,0.253,0.255,0.255,0.255,MOZ
147,Myanmar,0.0,0.0,0.0,0.344,0.348,0.35100000000000003,0.322,0.324,MMR
148,Namibia,0.38799999999999996,0.397,0.402,0.405,0.408,0.424,0.42700000000000005,0.428,NAM
149,Nepal,0.251,0.254,0.268,0.271,0.28600000000000003,0.278,0.281,0.297,NPL
150,Netherlands,0.836,0.861,0.86,0.862,0.865,0.865,0.863,0.858,NLD
151,New Zealand,0.0,0.0,0.0,0.0,0.0,0.0,0.893,0.9009999999999999,NZL
152,Nicaragua,0.34700000000000003,0.35,0.353,0.35700000000000004,0.39,0.39,0.415,0.415,NIC
153,Niger,0.12300000000000001,0.115,0.121,0.12300000000000001,0.134,0.135,0.138,0.139,NER
154,Nigeria,0.22,0.23600000000000002,0.254,0.26,0.26899999999999996,0.27,0.271,0.299,NGA
155,Norway,0.89,0.894,0.887,0.892,0.8859999999999999,0.8859999999999999,0.867,0.8590000000000001,NOR
156,Pakistan,0.196,0.198,0.20600000000000002,0.20800000000000002,0.22,0.221,0.22899999999999998,0.221,PAK
157,Palau,0.0,0.0,0.0,0.713,0.72,0.726,0.736,0.828,PLW
158,"Palestine, State of",0.0,0.0,0.0,0.609,0.547,0.5479999999999999,0.5720000000000001,0.5670000000000001,0
159,Panama,0.599,0.544,0.5489999999999999,0.564,0.568,0.589,0.597,0.605,PAN
160,Papua New Guinea,0.0,0.0,0.0,0.376,0.37200000000000005,0.379,0.38,0.381,PNG
161,Paraguay,0.48,0.486,0.0,0.52,0.528,0.5479999999999999,0.544,0.525,PRY
162,Peru,0.455,0.515,0.502,0.502,0.534,0.547,0.5770000000000001,0.583,PER
163,Philippines,0.542,0.547,0.557,0.5660000000000001,0.581,0.584,0.584,0.584,PHL
164,Poland,0.773,0.778,0.7659999999999999,0.8059999999999999,0.7759999999999999,0.807,0.815,0.825,POL
165,Portugal,0.674,0.684,0.6920000000000001,0.708,0.71,0.7120000000000001,0.626,0.635,PRT
166,Qatar,0.0,0.0,0.0,0.0,0.0,0.0,0.615,0.619,QAT
167,Romania,0.6809999999999999,0.738,0.725,0.728,0.7290000000000001,0.732,0.716,0.7140000000000001,ROU
168,Russian Federation,0.6859999999999999,0.696,0.0,0.789,0.794,0.81,0.8140000000000001,0.8140000000000001,RUS
169,Russian Federation,0.6859999999999999,0.696,0.0,0.789,0.794,0.81,0.8140000000000001,0.8140000000000001,RUS
170,Russian Federation,0.6859999999999999,0.696,0.0,0.789,0.794,0.81,0.8140000000000001,0.8140000000000001,RUS
171,Russian Federation,0.6859999999999999,0.696,0.0,0.789,0.794,0.81,0.8140000000000001,0.8140000000000001,RUS
172,Rwanda,0.303,0.305,0.313,0.311,0.314,0.307,0.318,0.318,RWA
173,Saint Lucia,0.0,0.0,0.0,0.0,0.6,0.614,0.614,0.591,LCA
174,Samoa,0.0,0.0,0.0,0.0,0.0,0.0,0.0,0.6579999999999999,WSM
175,Sao Tome and Principe,0.35200000000000004,0.377,0.381,0.392,0.39299999999999996,0.42,0.446,0.455,STP
176,Saudi Arabia,0.0,0.0,0.0,0.0,0.0,0.0,0.6579999999999999,0.66,SAU
177,Senegal,0.159,0.17600000000000002,0.185,0.188,0.192,0.196,0.198,0.19699999999999998,SEN
178,Serbia,0.642,0.67,0.6679999999999999,0.664,0.695,0.7040000000000001,0.706,0.7140000000000001,SRB
179,Sierra Leone,0.18100000000000002,0.188,0.192,0.191,0.18899999999999997,0.198,0.20199999999999999,0.20600000000000002,SLE
180,Singapore,0.0,0.0,0.0,0.0,0.0,0.0,0.757,0.764,SGP
181,Slovakia,0.7879999999999999,0.805,0.8109999999999999,0.81,0.8079999999999999,0.8190000000000001,0.8170000000000001,0.8190000000000001,SVK
182,Slovenia,0.843,0.85,0.83,0.857,0.8540000000000001,0.857,0.868,0.866,SVN
183,Solomon Islands,0.305,0.0,0.0,0.35,0.354,0.359,0.0,0.0,SLB
184,South Africa,0.547,0.544,0.542,0.569,0.59,0.611,0.607,0.607,ZAF
185,South Sudan,0.0,0.0,0.0,0.0,0.179,0.18,0.18,0.18,SSD
186,Spain,0.735,0.75,0.7559999999999999,0.7609999999999999,0.7709999999999999,0.778,0.6659999999999999,0.6709999999999999,ESP
187,Sri Lanka,0.606,0.61,0.636,0.638,0.653,0.655,0.653,0.653,LKA
188,Sudan,0.0,0.0,0.0,0.0,0.183,0.18600000000000003,0.187,0.18899999999999997,SDN
189,Suriname,0.48100000000000004,0.485,0.489,0.496,0.503,0.511,0.539,0.537,SUR
190,Sweden,0.8220000000000001,0.818,0.821,0.8320000000000001,0.851,0.871,0.872,0.87,SWE
191,Switzerland,0.8590000000000001,0.862,0.868,0.838,0.841,0.843,0.8759999999999999,0.8759999999999999,CHE
192,Syrian Arab Republic,0.368,0.375,0.384,0.309,0.295,0.282,0.282,0.0,SYR
193,Tajikistan,0.608,0.605,0.586,0.586,0.621,0.618,0.617,0.616,TJK
194,Tanzania (United Republic of),0.297,0.27899999999999997,0.305,0.29100000000000004,0.301,0.315,0.322,0.322,TZA
195,Thailand,0.512,0.513,0.514,0.517,0.528,0.537,0.542,0.573,THA
196,The former Yugoslav Republic of Macedonia,0.546,0.551,0.588,0.602,0.604,0.616,0.618,0.618,0
197,Timor-Leste,0.275,0.264,0.264,0.264,0.264,0.264,0.265,0.278,TLS
198,Togo,0.271,0.27899999999999997,0.282,0.305,0.305,0.306,0.309,0.309,TGO
199,Tonga,0.7190000000000001,0.0,0.0,0.0,0.0,0.0,0.0,0.736,TON
200,Trinidad and Tobago,0.6609999999999999,0.6629999999999999,0.665,0.667,0.667,0.6679999999999999,0.674,0.0,TTO
201,Tunisia,0.38299999999999995,0.389,0.0,0.0,0.419,0.423,0.429,0.431,TUN
202,Turkey,0.441,0.46399999999999997,0.473,0.573,0.5820000000000001,0.5870000000000001,0.591,0.595,TUR
203,Turkey,0.441,0.46399999999999997,0.473,0.573,0.5820000000000001,0.5870000000000001,0.591,0.595,TUR
204,Turkey,0.441,0.46399999999999997,0.473,0.573,0.5820000000000001,0.5870000000000001,0.591,0.595,TUR
205,Turkey,0.441,0.46399999999999997,0.473,0.573,0.5820000000000001,0.5870000000000001,0.591,0.595,TUR
206,Turkmenistan,0.561,0.0,0.0,0.0,0.0,0.0,0.606,0.604,TKM
207,Uganda,0.354,0.33,0.32799999999999996,0.337,0.349,0.354,0.35600000000000004,0.37799999999999995,UGA
208,Ukraine,0.7659999999999999,0.7390000000000001,0.743,0.743,0.7659999999999999,0.7659999999999999,0.7659999999999999,0.7659999999999999,UKR
209,United Kingdom,0.877,0.853,0.8440000000000001,0.889,0.894,0.885,0.835,0.88,GBR
210,United States,0.873,0.873,0.858,0.8370000000000001,0.85,0.85,0.853,0.853,USA
211,Uruguay,0.613,0.627,0.64,0.6509999999999999,0.6679999999999999,0.655,0.6779999999999999,0.679,URY
212,Uzbekistan,0.665,0.672,0.682,0.6890000000000001,0.6920000000000001,0.6940000000000001,0.698,0.7120000000000001,UZB
213,Vanuatu,0.0,0.0,0.0,0.0,0.436,0.436,0.43700000000000006,0.43700000000000006,VUT
214,Venezuela (Bolivarian Republic of),0.57,0.588,0.589,0.597,0.601,0.604,0.627,0.6459999999999999,VEN
215,Viet Nam,0.483,0.499,0.504,0.503,0.503,0.51,0.511,0.516,VNM
216,Yemen,0.163,0.172,0.175,0.184,0.18100000000000002,0.18100000000000002,0.188,0.188,YEM
217,Zambia,0.42,0.429,0.436,0.43799999999999994,0.452,0.452,0.45399999999999996,0.45399999999999996,ZMB
218,Zimbabwe,0.418,0.41100000000000003,0.451,0.452,0.461,0.461,0.46399999999999997,0.46399999999999997,ZWE
219,Antigua and Barbuda,0.0,0.0,0.0,0.0,0.0,0.0,0.0,0.0,ATG
220,Brunei Darussalam,0.0,0.0,0.0,0.0,0.0,0.0,0.0,0.0,BRN
221,Dominica,0.0,0.0,0.0,0.0,0.0,0.0,0.0,0.0,DMA
222,Eritrea,0.0,0.0,0.0,0.0,0.0,0.0,0.0,0.0,ERI
223,Grenada,0.0,0.0,0.0,0.0,0.0,0.0,0.0,0.0,GRD
224,Korea (Democratic People's Rep. of),0.0,0.0,0.0,0.0,0.0,0.0,0.0,0.0,PRK
225,Libya,0.0,0.0,0.0,0.0,0.0,0.0,0.0,0.0,LBY
226,Liechtenstein,0.0,0.0,0.0,0.0,0.0,0.0,0.0,0.0,LIE
227,Marshall Islands,0.0,0.0,0.0,0.0,0.0,0.0,0.0,0.0,MHL
228,Monaco,0.0,0.0,0.0,0.0,0.0,0.0,0.0,0.0,MCO
229,Nauru,0.0,0.0,0.0,0.0,0.0,0.0,0.0,0.0,NRU
230,Oman,0.0,0.0,0.0,0.0,0.0,0.0,0.0,0.0,OMN
231,Saint Kitts and Nevis,0.0,0.0,0.0,0.0,0.0,0.0,0.0,0.0,KNA
232,Saint Vincent and the Grenadines,0.0,0.0,0.0,0.0,0.0,0.0,0.0,0.0,VCT
233,San Marino,0.0,0.0,0.0,0.0,0.0,0.0,0.0,0.0,SMR
234,Seychelles,0.0,0.0,0.0,0.0,0.0,0.0,0.0,0.0,SYC
235,Somalia,0.0,0.0,0.0,0.0,0.0,0.0,0.0,0.0,SOM
236,Tuvalu,0.0,0.0,0.0,0.0,0.0,0.0,0.0,0.0,TUV
237,United Arab Emirates,0.0,0.0,0.0,0.0,0.0,0.0,0.0,0.0,ARE
0,Afghanistan,0.0,0.0,0.0,31.4,31.4,31.9,29.6,29.6,AFG
1,Albania,12.7,13.9,13.9,13.4,13.4,13.5,12.3,10.0,ALB
2,Algeria,0.0,0.0,0.0,0.0,0.0,0.0,0.0,20.7,DZA
3,Angola,39.9,0.0,43.9,44.0,37.0,37.0,32.4,32.4,AGO
4,Argentina,19.8,19.6,19.6,15.8,15.0,15.6,14.5,14.3,ARG
5,Armenia,10.9,10.8,11.0,10.4,10.2,9.3,8.7,10.0,ARM
6,Armenia,10.9,10.8,11.0,10.4,10.2,9.3,8.7,10.0,ARM
7,Armenia,10.9,10.8,11.0,10.4,10.2,9.3,8.7,10.0,ARM
8,Armenia,10.9,10.8,11.0,10.4,10.2,9.3,8.7,10.0,ARM
9,Australia,7.9,7.9,7.9,7.8,8.2,8.2,8.6,8.2,AUS
10,Austria,7.5,7.4,6.6,7.2,7.7,8.7,7.6,8.0,AUT
11,Azerbaijan,13.8,11.4,11.4,11.8,13.2,13.2,10.2,10.0,AZE
12,Azerbaijan,13.8,11.4,11.4,11.8,13.2,13.2,10.2,10.0,AZE
13,Azerbaijan,13.8,11.4,11.4,11.8,13.2,13.2,10.2,10.0,AZE
14,Azerbaijan,13.8,11.4,11.4,11.8,13.2,13.2,10.2,10.0,AZE
15,Bahamas,14.4,14.8,0.0,14.3,0.0,0.0,0.0,0.0,BHS
16,Bangladesh,29.4,27.4,27.4,29.1,29.4,28.9,28.1,24.1,BGD
17,Barbados,0.0,0.0,0.0,0.0,0.0,0.0,0.0,16.4,BRB
18,Belarus,9.3,8.3,8.3,7.6,7.1,6.4,6.5,6.5,BLR
19,Belgium,8.4,7.6,8.0,8.5,7.9,8.3,8.9,8.7,BEL
20,Belize,28.7,0.0,0.0,0.0,22.7,22.7,22.3,22.3,BLZ
21,Benin,35.2,35.8,35.8,34.6,37.4,37.4,36.7,36.6,BEN
22,Bhutan,0.0,0.0,20.0,20.4,29.8,29.4,28.6,27.2,BTN
23,Bolivia (Plurinational State of),38.1,34.1,34.2,29.6,28.6,29.0,26.6,25.8,BOL
24,Bosnia and Herzegovina,20.4,11.6,11.5,10.6,13.3,13.3,13.0,15.5,BIH
25,Botswana,0.0,0.0,0.0,38.2,38.2,38.0,37.4,0.0,BWA
26,Brazil,27.1,27.8,27.2,27.1,26.3,25.6,24.5,23.9,BRA
27,Bulgaria,11.3,11.4,9.9,11.0,10.6,10.7,12.1,12.7,BGR
28,Burkina Faso,36.2,35.1,34.2,35.0,35.0,33.6,30.8,32.1,BFA
29,Burundi,37.0,0.0,0.0,33.9,32.6,31.6,30.5,33.3,BDI
30,Cabo Verde,0.0,0.0,0.0,19.7,19.7,20.1,21.7,0.0,CPV
31,Cambodia,28.8,27.2,25.9,24.7,24.7,22.5,19.4,19.4,KHM
32,Cameroon,34.0,33.4,33.4,32.8,32.8,32.8,30.7,34.2,CMR
33,Canada,8.6,8.6,8.6,7.6,8.9,8.9,8.2,8.0,CAN
34,Central African Republic,42.0,40.6,40.6,40.4,43.5,43.5,42.1,42.1,CAF
35,Chad,39.3,40.1,40.1,37.8,39.9,40.0,38.3,38.3,TCD
36,Chile,19.0,19.0,19.0,19.6,19.3,18.2,16.6,15.7,CHL
37,China,23.0,22.3,22.3,0.0,0.0,0.0,0.0,14.5,CHN
38,Colombia,28.6,32.5,27.8,26.7,24.7,24.6,23.4,23.6,COL
39,Comoros,43.9,0.0,0.0,0.0,46.7,45.8,45.3,45.3,COM
40,Congo,31.8,31.1,31.1,30.7,26.6,24.8,22.6,22.6,COG
41,Congo,31.8,31.1,31.1,30.7,26.6,24.8,22.6,22.6,COD
42,Congo,31.8,31.1,31.1,30.7,26.6,24.8,22.6,22.6,COD
43,Congo (Democratic Republic of the),36.2,39.9,39.9,37.6,36.2,31.9,30.8,30.4,COD
44,Congo (Democratic Republic of the),36.2,39.9,39.9,37.6,36.2,31.9,30.8,30.4,COD
45,Costa Rica,20.6,20.5,21.6,19.9,19.9,19.1,18.7,18.0,CRI
46,Croatia,15.3,15.1,15.1,11.2,9.1,9.1,9.1,9.0,HRV
47,Cyprus,11.7,10.1,11.5,11.0,10.7,10.9,13.4,11.5,CYP
48,Cyprus,11.7,10.1,11.5,11.0,10.7,10.9,13.4,11.5,CYP
49,Cyprus,11.7,10.1,11.5,11.0,10.7,10.9,13.4,11.5,CYP
50,Cyprus,11.7,10.1,11.5,11.0,10.7,10.9,13.4,11.5,CYP
51,Czechia,6.0,5.0,5.4,5.6,5.5,5.4,5.5,5.3,CZE
52,C么te d'Ivoire,36.1,38.6,38.6,38.3,38.0,37.8,36.0,36.9,CIV
53,Denmark,6.4,6.0,6.2,6.9,7.3,7.2,7.8,7.5,DNK
54,Djibouti,37.3,35.9,36.0,34.6,34.6,34.6,34.0,35.8,DJI
55,Dominican Republic,24.8,25.9,27.3,23.6,23.6,21.8,22.2,21.0,DOM
56,Dominican Republic,24.8,25.9,27.3,23.6,23.6,21.8,22.2,21.0,DOM
57,Dominican Republic,24.8,25.9,27.3,23.6,23.6,21.8,22.2,21.0,DOM
58,Ecuador,20.2,25.7,25.7,22.8,22.1,20.5,20.5,19.8,ECU
59,Egypt,27.5,24.1,24.1,24.0,24.0,29.0,29.2,29.2,EGY
60,El Salvador,27.6,26.6,26.6,26.7,26.7,22.2,22.7,22.3,SLV
61,Estonia,9.8,7.9,9.0,8.7,9.1,8.9,9.8,8.8,EST
62,Eswatini (Kingdom of),35.7,35.4,35.4,33.3,33.3,33.3,29.7,29.7,SWZ
63,Ethiopia,34.3,31.9,31.9,29.4,29.4,26.3,24.4,28.4,GNB
64,Ethiopia,34.3,31.9,31.9,29.4,29.4,26.3,24.4,28.4,GNB
65,Ethiopia,34.3,31.9,31.9,29.4,29.4,26.3,24.4,28.4,GNB
66,Fiji,0.0,0.0,0.0,15.3,15.3,15.3,0.0,0.0,HKG
67,Fiji,0.0,0.0,0.0,15.3,15.3,15.3,0.0,0.0,HKG
68,Finland,7.5,5.6,5.9,5.5,5.5,5.8,8.8,5.6,IRN
69,Finland,7.5,5.6,5.9,5.5,5.5,5.8,8.8,5.6,IRN
70,France,9.2,9.2,9.0,9.0,8.7,9.4,12.5,10.3,IRQ
71,France,9.2,9.2,9.0,9.0,8.7,9.4,12.5,10.3,IRQ
72,France,9.2,9.2,9.0,9.0,8.7,9.4,12.5,10.3,IRQ
73,Gabon,21.1,19.5,19.5,24.0,24.0,23.9,22.3,22.3,GAB
74,Gambia,39.0,0.0,0.0,0.0,0.0,0.0,37.1,37.2,GMB
75,Georgia,17.0,14.1,15.3,14.5,13.6,12.7,12.0,12.6,GEO
76,Georgia,17.0,14.1,15.3,14.5,13.6,12.7,12.0,12.6,GEO
77,Georgia,17.0,14.1,15.3,14.5,13.6,12.7,12.0,12.6,GEO
78,Georgia,17.0,14.1,15.3,14.5,13.6,12.7,12.0,12.6,GEO
79,Germany,8.0,6.9,6.9,7.1,6.9,7.2,8.6,8.1,DEU
80,Ghana,25.3,32.2,32.2,31.3,33.1,32.5,28.9,28.9,GHA
81,Greece,10.2,12.2,11.6,10.6,12.3,12.4,13.2,13.5,GRC
82,Guatemala,33.6,31.6,33.1,32.8,29.4,29.6,28.8,28.2,GTM
83,Guinea,38.4,38.8,38.8,38.0,36.5,34.8,33.4,33.4,GIN
84,Guinea,38.4,38.8,38.8,38.0,36.5,34.8,33.4,33.4,GNB
85,Guinea,38.4,38.8,38.8,38.0,36.5,34.8,33.4,33.4,GNB
86,Guinea,38.4,38.8,38.8,38.0,36.5,34.8,33.4,33.4,GNB
87,Guinea-Bissau,42.4,41.4,41.4,39.6,39.6,39.3,39.4,39.4,GNB
88,Guinea-Bissau,42.4,41.4,41.4,39.6,39.6,39.3,39.4,39.4,GNB
89,Guinea-Bissau,42.4,41.4,41.4,39.6,39.6,39.3,39.4,39.4,GNB
90,Guyana,18.6,22.3,19.1,18.2,18.2,18.7,18.7,18.6,GUY
91,Haiti,40.8,40.2,40.2,39.5,38.8,39.6,39.0,39.0,HTI
92,Honduras,30.6,31.7,27.5,32.3,32.0,29.2,26.2,25.6,HND
93,"Hong Kong, China (SAR)",0.0,0.0,0.0,0.0,0.0,0.0,0.0,13.3,0
94,Hungary,8.6,7.0,7.4,7.4,7.2,7.8,7.9,7.8,HUN
95,Iceland,6.6,5.9,6.4,5.7,5.9,5.8,6.0,6.0,ISL
96,India,29.7,28.3,29.3,28.6,28.6,27.1,27.8,26.8,IND
97,Indonesia,17.7,18.3,18.3,19.2,18.2,18.2,17.6,18.8,IDN
98,Iran (Islamic Republic of),0.0,0.0,0.0,33.6,33.6,33.1,0.0,11.4,IRN
99,Iran (Islamic Republic of),0.0,0.0,0.0,33.6,33.6,33.1,0.0,11.4,IRN
100,Iraq,0.0,0.0,0.0,21.4,21.7,22.3,21.3,20.4,IRQ
101,Iraq,0.0,0.0,0.0,21.4,21.7,22.3,21.3,20.4,IRQ
102,Iraq,0.0,0.0,0.0,21.4,21.7,22.3,21.3,20.4,IRQ
103,Iraq,0.0,0.0,0.0,21.4,21.7,22.3,21.3,20.4,IRQ
104,Iraq,0.0,0.0,0.0,21.4,21.7,22.3,21.3,20.4,IRQ
105,Iraq,0.0,0.0,0.0,21.4,21.7,22.3,21.3,20.4,IRQ
106,Ireland,9.2,7.2,7.2,7.5,8.6,7.9,9.0,9.0,IRL
107,Israel,12.5,12.3,12.3,10.7,13.4,13.5,13.3,12.8,ISR
108,Italy,12.0,10.9,11.9,11.9,11.5,11.5,12.7,12.3,ITA
109,Jamaica,16.6,16.2,19.1,19.0,17.5,16.6,17.0,17.0,JAM
110,Japan,0.0,0.0,0.0,12.4,12.4,12.4,12.3,3.6,JPN
111,Jordan,19.2,19.0,19.0,18.6,16.5,16.5,16.1,16.1,JOR
112,Kazakhstan,13.5,11.9,13.6,11.9,11.9,10.1,7.9,7.9,KAZ
113,Kazakhstan,13.5,11.9,13.6,11.9,11.9,10.1,7.9,7.9,KAZ
114,Kazakhstan,13.5,11.9,13.6,11.9,11.9,10.1,7.9,7.9,KAZ
115,Kazakhstan,13.5,11.9,13.6,11.9,11.9,10.1,7.9,7.9,KAZ
116,Kenya,31.8,33.6,33.6,32.8,31.3,29.5,26.4,26.4,KEN
117,Kiribati,0.0,0.0,0.0,31.5,31.5,33.1,32.6,0.0,KIR
118,Korea (Republic of),16.7,16.5,16.5,17.4,16.4,16.4,14.3,14.3,KOR
119,Kyrgyzstan,15.1,14.5,17.1,17.2,14.5,12.3,9.8,9.8,KGZ
120,Lao People's Democratic Republic,24.8,22.8,24.7,24.5,25.6,27.1,26.1,26.1,LAO
121,Latvia,11.1,11.0,10.9,10.6,10.8,10.6,10.4,10.4,LVA
122,Lebanon,0.0,22.8,22.8,20.9,20.9,21.0,0.0,0.0,LBN
123,Lesotho,34.0,35.9,35.9,35.6,35.6,35.6,31.0,31.0,LSO
124,Liberia,37.3,35.3,35.3,33.8,34.8,33.4,31.6,31.6,LBR
125,Lithuania,11.5,9.8,11.0,10.6,10.2,10.5,10.6,11.7,LTU
126,Luxembourg,9.0,7.8,7.2,7.6,7.8,8.0,9.9,10.3,LUX
127,Madagascar,29.2,30.7,30.7,30.5,27.0,27.0,25.9,25.9,MDG
128,Malawi,32.1,31.9,31.4,31.9,32.9,31.2,30.4,30.4,MWI
129,Maldives,15.6,25.2,25.2,25.4,24.9,24.6,24.2,23.4,MDV
130,Mali,38.3,0.0,0.0,0.0,35.6,33.7,32.3,34.0,MLI
131,Malta,0.0,0.0,8.2,8.3,8.5,8.1,8.2,8.3,MLT
132,Mauritania,35.2,34.2,34.5,35.3,33.4,32.4,33.0,33.0,MRT
133,Mauritius,0.0,13.3,13.3,14.2,14.2,14.4,14.1,13.5,MUS
134,Mexico,21.0,23.5,23.5,22.9,22.4,22.9,21.8,21.3,MEX
135,Micronesia (Federated States of),38.9,38.6,0.0,0.0,0.0,0.0,0.0,0.0,FSM
136,Moldova (Republic of),13.5,12.2,11.5,12.2,10.8,10.2,10.4,10.4,MDA
137,Mongolia,15.2,13.8,15.9,11.5,12.8,13.0,13.7,13.7,MNG
138,Montenegro,9.9,6.9,7.4,7.2,9.2,8.8,8.5,8.9,MNE
139,Morocco,28.1,29.7,29.7,29.7,29.7,29.5,0.0,0.0,MAR
140,Mozambique,45.3,28.9,32.7,29.5,34.3,33.0,32.7,32.7,MOZ
141,Myanmar,0.0,0.0,0.0,0.0,0.0,0.0,0.0,19.4,MMR
142,Namibia,44.3,43.5,43.5,43.6,43.6,35.2,34.8,34.8,NAM
143,Nepal,31.9,34.3,34.3,28.8,26.8,27.1,26.2,25.6,NPL
144,Netherlands,8.1,7.0,6.9,6.7,6.6,6.9,7.4,7.9,NLD
145,New Zealand,0.0,0.0,0.0,0.0,0.0,0.0,0.0,7.7,NZL
146,Nicaragua,24.6,27.5,27.5,26.4,24.0,25.8,24.0,22.9,NIC
147,Niger,33.9,34.2,34.2,32.4,29.3,28.2,28.1,29.3,NER
148,Nigeria,41.7,39.3,41.4,40.3,37.8,37.8,36.9,34.7,NGA
149,Norway,6.6,5.6,6.4,5.6,5.4,5.4,7.5,8.0,NOR
150,Pakistan,31.5,31.4,30.9,30.1,29.9,30.9,30.3,31.0,PAK
151,"Palestine, State of",0.0,0.0,0.0,11.7,14.9,15.1,14.7,15.0,0
152,Panama,28.3,24.6,24.6,22.1,22.5,22.0,20.8,21.1,PAN
153,Paraguay,24.6,24.0,0.0,24.1,22.1,24.3,22.4,25.5,PRY
154,Peru,30.6,23.2,24.3,23.7,23.4,21.6,20.0,19.2,PER
155,Philippines,18.9,19.9,19.9,18.1,18.1,18.4,17.8,17.9,PHL
156,Poland,10.8,9.7,9.9,9.9,9.8,9.5,9.5,9.0,POL
157,Portugal,11.9,10.2,10.7,10.1,10.3,10.4,13.9,13.6,PRT
158,Romania,12.1,12.6,12.6,10.5,10.4,11.0,11.7,11.7,ROU
159,Russian Federation,11.5,11.3,0.0,12.0,10.5,9.8,9.5,9.5,RUS
160,Russian Federation,11.5,11.3,0.0,12.0,10.5,9.8,9.5,9.5,RUS
161,Russian Federation,11.5,11.3,0.0,12.0,10.5,9.8,9.5,9.5,RUS
162,Russian Federation,11.5,11.3,0.0,12.0,10.5,9.8,9.5,9.5,RUS
163,Rwanda,37.0,35.7,33.9,33.2,31.6,31.9,30.0,30.0,RWA
164,Saint Lucia,0.0,0.0,0.0,0.0,15.9,16.0,15.7,16.7,LCA
165,Sao Tome and Principe,0.0,31.5,31.8,31.2,24.7,24.7,19.8,19.8,STP
166,Senegal,36.2,33.8,33.0,32.9,34.4,33.1,31.9,32.6,SEN
167,Serbia,10.8,9.5,9.5,10.9,10.1,11.2,14.9,15.2,SRB
168,Sierra Leone,39.3,41.7,41.7,44.3,41.6,37.8,36.5,36.5,SLE
169,Singapore,0.0,0.0,0.0,0.0,0.0,0.0,0.0,12.5,SGP
170,Slovakia,6.7,5.7,6.3,6.3,6.2,6.1,6.9,6.8,SVK
171,Slovenia,6.9,5.3,5.8,5.8,5.9,5.9,5.6,5.6,SVN
172,Solomon Islands,0.0,0.0,0.0,23.8,23.8,23.8,0.0,0.0,SLB
173,South Africa,31.1,0.0,0.0,0.0,35.7,34.7,33.2,33.2,ZAF
174,South Sudan,0.0,0.0,0.0,0.0,0.0,0.0,0.0,36.3,SSD
175,Spain,9.8,8.9,10.1,10.9,11.5,10.5,15.6,15.4,ESP
176,Sri Lanka,17.1,16.2,15.1,14.3,11.6,11.6,11.3,13.8,LKA
177,Sudan,0.0,0.0,0.0,0.0,0.0,0.0,36.2,34.7,SDN
178,Suriname,24.3,23.8,23.0,24.2,24.0,24.0,22.5,22.6,SUR
179,Sweden,6.9,5.9,6.2,6.5,6.7,6.7,7.1,7.4,SWE
180,Switzerland,7.1,7.0,7.0,7.7,7.4,8.6,7.8,7.8,CHE
181,Syrian Arab Republic,20.8,20.4,20.4,21.2,21.2,21.8,21.3,0.0,SYR
182,Tajikistan,19.1,17.6,18.4,19.2,17.5,15.2,14.1,13.6,TJK
183,Tanzania (United Republic of),28.4,28.8,27.4,27.1,27.3,25.4,24.9,24.8,TZA
184,Thailand,21.2,21.3,21.3,20.7,20.7,20.8,16.8,15.7,THA
185,The former Yugoslav Republic of Macedonia,16.7,16.4,14.7,13.6,16.7,16.7,16.4,12.6,0
186,Timor-Leste,33.4,32.9,33.0,30.7,30.7,31.2,30.1,27.7,TLS
187,Togo,32.9,33.5,33.5,32.9,33.4,31.9,31.2,31.7,TGO
188,Trinidad and Tobago,15.5,15.3,15.3,15.2,15.2,15.3,15.0,0.0,TTO
189,Tunisia,25.2,25.2,0.0,0.0,22.0,22.5,22.0,22.0,TUN
190,Turkey,23.6,22.5,22.5,15.8,15.8,15.9,15.4,15.4,TUR
191,Turkey,23.6,22.5,22.5,15.8,15.8,15.9,15.4,15.4,TUR
192,Turkey,23.6,22.5,22.5,15.8,15.8,15.9,15.4,15.4,TUR
193,Turkey,23.6,22.5,22.5,15.8,15.8,15.9,15.4,15.4,TUR
194,Turkmenistan,26.4,0.0,0.0,0.0,0.0,0.0,18.5,18.5,TKM
195,Uganda,32.1,33.6,33.6,30.8,30.2,30.9,29.7,28.3,UGA
196,Ukraine,8.1,9.2,9.2,9.2,7.8,7.2,6.8,6.6,UKR
197,United Kingdom,9.7,8.3,8.3,8.9,8.6,8.0,10.5,9.4,GBR
198,United States,11.4,15.3,12.4,17.4,17.0,13.5,13.3,13.8,USA
199,Uruguay,16.1,16.4,16.4,16.1,14.5,15.7,14.7,14.3,URY
200,Uzbekistan,15.7,15.1,15.8,15.8,15.8,15.8,13.2,0.0,UZB
201,Vanuatu,0.0,0.0,0.0,0.0,17.1,17.2,16.7,17.1,VUT
202,Venezuela (Bolivarian Republic of),21.2,26.6,26.6,19.7,19.7,19.4,18.2,16.5,VEN
203,Viet Nam,16.4,14.0,14.0,14.9,17.5,17.8,17.3,17.3,VNM
204,Yemen,34.2,32.3,32.3,32.8,34.0,33.7,31.5,31.9,YEM
205,Zambia,31.5,29.5,36.7,35.0,34.4,35.6,34.1,34.1,ZMB
206,Zimbabwe,29.9,28.7,28.5,27.2,27.1,28.5,23.6,23.6,ZWE
207,Andorra,0.0,0.0,0.0,0.0,0.0,0.0,0.0,0.0,AND
208,Antigua and Barbuda,0.0,0.0,0.0,0.0,0.0,0.0,0.0,0.0,ATG
209,Bahrain,0.0,0.0,0.0,0.0,0.0,0.0,0.0,0.0,BHR
210,Brunei Darussalam,0.0,0.0,0.0,0.0,0.0,0.0,0.0,0.0,BRN
211,Cuba,0.0,0.0,0.0,0.0,0.0,0.0,0.0,0.0,CUB
212,Dominica,0.0,0.0,0.0,0.0,0.0,0.0,0.0,0.0,DMA
213,Equatorial Guinea,0.0,0.0,0.0,0.0,0.0,0.0,0.0,0.0,GNQ
214,Eritrea,0.0,0.0,0.0,0.0,0.0,0.0,0.0,0.0,ERI
215,Grenada,0.0,0.0,0.0,0.0,0.0,0.0,0.0,0.0,GRD
216,Korea (Democratic People's Rep. of),0.0,0.0,0.0,0.0,0.0,0.0,0.0,0.0,PRK
217,Kuwait,0.0,0.0,0.0,0.0,0.0,0.0,0.0,0.0,KWT
218,Libya,0.0,0.0,0.0,0.0,0.0,0.0,0.0,0.0,LBY
219,Liechtenstein,0.0,0.0,0.0,0.0,0.0,0.0,0.0,0.0,LIE
220,Malaysia,0.0,0.0,0.0,0.0,0.0,0.0,0.0,0.0,MYS
221,Marshall Islands,0.0,0.0,0.0,0.0,0.0,0.0,0.0,0.0,MHL
222,Monaco,0.0,0.0,0.0,0.0,0.0,0.0,0.0,0.0,MCO
223,Nauru,0.0,0.0,0.0,0.0,0.0,0.0,0.0,0.0,NRU
224,Oman,0.0,0.0,0.0,0.0,0.0,0.0,0.0,0.0,OMN
225,Palau,0.0,0.0,0.0,0.0,0.0,0.0,0.0,0.0,PLW
226,Papua New Guinea,0.0,0.0,0.0,0.0,0.0,0.0,0.0,0.0,PNG
227,Qatar,0.0,0.0,0.0,0.0,0.0,0.0,0.0,0.0,QAT
228,Saint Kitts and Nevis,0.0,0.0,0.0,0.0,0.0,0.0,0.0,0.0,KNA
229,Saint Vincent and the Grenadines,0.0,0.0,0.0,0.0,0.0,0.0,0.0,0.0,VCT
230,Samoa,0.0,0.0,0.0,0.0,0.0,0.0,0.0,0.0,WSM
231,San Marino,0.0,0.0,0.0,0.0,0.0,0.0,0.0,0.0,SMR
232,Saudi Arabia,0.0,0.0,0.0,0.0,0.0,0.0,0.0,0.0,SAU
233,Seychelles,0.0,0.0,0.0,0.0,0.0,0.0,0.0,0.0,SYC
234,Somalia,0.0,0.0,0.0,0.0,0.0,0.0,0.0,0.0,SOM
235,Tonga,0.0,0.0,0.0,0.0,0.0,0.0,0.0,0.0,TON
236,Tuvalu,0.0,0.0,0.0,0.0,0.0,0.0,0.0,0.0,TUV
237,United Arab Emirates,0.0,0.0,0.0,0.0,0.0,0.0,0.0,0.0,ARE
